12:48:38.060	I	!YNDX	=== YANDEX NAVI ON ===
12:48:38.110	I	FGS	created
12:48:38.133	I	SIPBR	server connected ComponentInfo{com.ts.car.someip.service/com.ts.car.someip.service.manager.SomeIpServerService}
12:48:38.125	I	SIPBR	bind server rc=true attempt=#0
12:48:38.143	I	SIPBR	registerCallback rc=0
12:48:38.158	I	SIPBR	startService(0xb010a00010000) rc=0
12:48:38.162	I	FGS	startService rc=0
12:48:38.172	I	LOOP	started @ 1000ms tagIdx=0 gaode=true
12:48:38.173	I	LOOP	tick #0 (idle)
12:48:39.181	I	LOOP	tick #0 (idle)
12:48:40.183	I	LOOP	tick #0 (idle)
12:48:41.184	I	LOOP	tick #0 (idle)
12:48:42.186	I	LOOP	tick #0 (idle)
12:48:43.191	I	LOOP	tick #0 (idle)
12:48:44.210	I	LOOP	tick #0 (idle)
12:48:45.212	I	LOOP	tick #0 (idle)
12:48:46.218	I	LOOP	tick #0 (idle)
12:48:47.227	I	LOOP	tick #0 (idle)
12:48:48.229	I	LOOP	tick #0 (idle)
12:48:49.231	I	LOOP	tick #0 (idle)
12:48:50.232	I	LOOP	tick #0 (idle)
12:48:50.558	I	SIPBR	client connected ComponentInfo{com.ts.car.someip.service/com.ts.car.someip.service.manager.SomeIpClientService}
12:48:50.749	I	SIPBR	sniffer: registering client callback...
12:48:50.754	I	SIPBR	sniffer: regCb rc=0
12:48:51.076	I	SIPBR	sniffer subscribe(0x4010a00018001) rc=11
12:48:51.229	I	SIPBR	sniffer active — waiting for events
12:48:51.237	I	LOOP	tick #0 (idle)
12:48:52.239	I	LOOP	tick #0 (idle)
12:48:53.255	I	LOOP	tick #0 (idle)
12:48:54.305	I	LOOP	tick #0 (idle)
12:48:55.311	I	LOOP	tick #0 (idle)
12:48:56.313	I	LOOP	tick #0 (idle)
12:48:57.315	I	LOOP	tick #0 (idle)
12:48:58.329	I	LOOP	tick #0 (idle)
12:48:59.392	I	LOOP	tick #0 (idle)
12:49:00.394	I	LOOP	tick #0 (idle)
12:49:01.412	I	LOOP	tick #0 (idle)
12:49:02.414	I	LOOP	tick #0 (idle)
12:49:03.416	I	LOOP	tick #0 (idle)
12:49:04.420	I	LOOP	tick #0 (idle)
12:49:05.439	I	LOOP	tick #0 (idle)
12:49:06.441	I	LOOP	tick #0 (idle)
12:49:07.443	I	LOOP	tick #0 (idle)
12:49:08.446	I	LOOP	tick #0 (idle)
12:49:09.466	I	LOOP	tick #0 (idle)
12:49:10.493	I	LOOP	tick #0 (idle)
12:49:11.500	I	LOOP	tick #0 (idle)
12:49:12.501	I	LOOP	tick #0 (idle)
12:49:13.474	I	!YNDX	=== YANDEX NAVI OFF ===
12:49:13.503	I	LOOP	stopped
12:49:13.502	I	SIPBR	stopService(0x4010a00018001) rc=1
12:49:13.515	I	SIPBR	unbound
12:49:13.517	I	FGS	destroyed
12:49:14.224	I	!YNDX	=== YANDEX NAVI ON ===
12:49:14.259	I	FGS	created
12:49:14.276	I	SIPBR	bind server rc=true attempt=#0
12:49:14.283	I	SIPBR	server connected ComponentInfo{com.ts.car.someip.service/com.ts.car.someip.service.manager.SomeIpServerService}
12:49:14.478	I	SIPBR	registerCallback rc=0
12:49:14.488	I	SIPBR	startService(0xb010a00010000) rc=0
12:49:14.490	I	FGS	startService rc=0
12:49:14.492	I	LOOP	started @ 1000ms tagIdx=0 gaode=true
12:49:14.493	I	LOOP	tick #0 (idle)
12:49:15.494	I	LOOP	tick #0 (idle)
12:49:16.496	I	LOOP	tick #0 (idle)
12:49:16.653	I	UI	enum mode = v33
12:49:17.497	I	LOOP	tick #0 (idle)
12:49:18.499	I	LOOP	tick #0 (idle)
12:49:19.401	I	UI	enum mode = GAODE
12:49:19.500	I	LOOP	tick #0 (idle)
12:49:20.502	I	LOOP	tick #0 (idle)
12:49:20.788	I	UI	maneuver tag = f5
12:49:21.431	I	UI	maneuver tag = f6
12:49:21.506	I	LOOP	tick #0 (idle)
12:49:22.138	I	UI	maneuver tag = f28
12:49:22.508	I	LOOP	tick #0 (idle)
12:49:23.509	I	LOOP	tick #0 (idle)
12:49:24.510	I	LOOP	tick #0 (idle)
12:49:25.512	I	LOOP	tick #0 (idle)
12:49:26.513	I	LOOP	tick #0 (idle)
12:49:27.518	I	LOOP	tick #0 (idle)
12:49:28.525	I	LOOP	tick #0 (idle)
12:49:29.527	I	LOOP	tick #0 (idle)
12:49:30.531	I	LOOP	tick #0 (idle)
12:49:31.536	I	LOOP	tick #0 (idle)
12:49:32.542	I	LOOP	tick #0 (idle)
12:49:33.547	I	LOOP	tick #0 (idle)
12:49:34.551	I	LOOP	tick #0 (idle)
12:49:35.553	I	LOOP	tick #0 (idle)
12:49:36.557	I	LOOP	tick #0 (idle)
12:49:37.559	I	LOOP	tick #0 (idle)
12:49:38.561	I	LOOP	tick #0 (idle)
12:49:39.565	I	LOOP	tick #0 (idle)
12:49:40.588	I	LOOP	tick #0 (idle)
12:49:41.589	I	LOOP	tick #0 (idle)
12:49:42.590	I	LOOP	tick #0 (idle)
12:49:43.593	I	LOOP	tick #0 (idle)
12:49:44.595	I	LOOP	tick #0 (idle)
12:49:45.596	I	LOOP	tick #0 (idle)
12:49:46.598	I	LOOP	tick #0 (idle)
12:49:47.601	I	LOOP	tick #0 (idle)
12:49:48.604	I	LOOP	tick #0 (idle)
12:49:49.608	I	LOOP	tick #0 (idle)
12:49:50.611	I	LOOP	tick #0 (idle)
12:49:51.615	I	LOOP	tick #0 (idle)
12:49:52.629	I	LOOP	tick #0 (idle)
12:49:53.631	I	LOOP	tick #0 (idle)
12:49:54.637	I	LOOP	tick #0 (idle)
12:49:55.647	I	LOOP	tick #0 (idle)
12:49:56.659	I	LOOP	tick #0 (idle)
12:49:57.661	I	LOOP	tick #0 (idle)
12:49:58.662	I	LOOP	tick #0 (idle)
12:49:58.927	I	!YNDX	=== YANDEX NAVI OFF ===
12:49:58.966	I	SIPBR	stopService(0x4010a00018001) rc=1
12:49:58.970	I	SIPBR	unbound
12:49:58.978	I	FGS	destroyed
12:49:59.663	I	LOOP	stopped
12:50:48.669	I	YandexNotif	listener connected
12:50:51.688	I	YA11Y	connected
12:51:28.449	I	YandexNotif	posted icon=notifications_app_logo m=0(NONE) d=0m road='Навигатор запущен' eta=0s maps=false
12:51:29.852	I	YA11Y	node d=7 vid=ru.yandex.yandexnavi:id/activity_search_map_view cls=android.widget.RelativeLayout t='' desc='Карта'
12:51:29.870	I	YA11Y	node d=11 vid=ru.yandex.yandexnavi:id/top_notification_title cls=android.widget.TextView t='Сигнал GPS стабилен' desc=''
12:51:29.885	I	YA11Y	node d=14 vid=ru.yandex.yandexnavi:id/left_tappable_area cls=android.widget.Button t='' desc='Назад'
12:51:29.892	I	YA11Y	node d=14 vid=ru.yandex.yandexnavi:id/dialog_widget_title cls=android.widget.TextView t='Двигайтесь по шагам' desc=''
12:51:29.898	I	YA11Y	node d=14 vid=ru.yandex.yandexnavi:id/right_tappable_area cls=android.widget.Button t='' desc='Вперёд'
12:51:29.903	I	YA11Y	node d=15 vid=ru.yandex.yandexnavi:id/image_maneuverballoon_maneuver cls=android.widget.ImageView t='' desc='Поверните направо'
12:51:29.914	I	YA11Y	node d=15 vid=ru.yandex.yandexnavi:id/text_maneuverballoon_distance cls=android.widget.TextView t='100' desc=''
12:51:29.919	I	YA11Y	node d=15 vid=ru.yandex.yandexnavi:id/text_maneuverballoon_metrics cls=android.widget.TextView t='м' desc=''
12:51:29.926	I	YA11Y	node d=15 vid=ru.yandex.yandexnavi:id/text_nextstreet cls=android.widget.TextView t='проспект Октябрьской Революции' desc=''
12:51:29.933	I	YA11Y	node d=13 vid=ru.yandex.yandexnavi:id/overviewicon cls=android.widget.ImageView t='' desc='Выбрать путь'
12:51:29.936	I	YA11Y	node d=14 vid=ru.yandex.yandexnavi:id/textview_eta_distance cls=android.widget.TextView t='4,6 км' desc='Осталось 4,6 км'
12:51:29.943	I	YA11Y	node d=14 vid=ru.yandex.yandexnavi:id/textview_eta_arrival cls=android.widget.TextView t='13:03' desc='Время прибытия 13:03'
12:51:29.947	I	YA11Y	node d=14 vid=ru.yandex.yandexnavi:id/textview_eta_time cls=android.widget.TextView t='12 мин' desc='Осталось 12 мин'
12:51:29.949	I	YA11Y	node d=13 vid=ru.yandex.yandexnavi:id/resetroutebutton2 cls=android.widget.ImageView t='' desc='Закрыть'
12:51:29.952	I	YA11Y	node d=12 vid= cls=android.widget.TextView t='Продолжить по GPS' desc=''
12:51:29.957	I	YA11Y	node d=13 vid=ru.yandex.yandexnavi:id/control_position_combined_compass cls=android.widget.FrameLayout t='' desc='Компас'
12:51:29.967	I	YA11Y	node d=13 vid=ru.yandex.yandexnavi:id/control_position_combined_find_me cls=android.widget.FrameLayout t='' desc='Кнопка местоположения'
12:51:29.976	I	YA11Y	pkg=ru.yandex.yandexnavi m=RIGHT d=100m road='проспект Октябрьской Революции' eta=720s balloon=true
12:51:30.077	I	YA11Y	pkg=ru.yandex.yandexnavi m=RIGHT d=100m road='проспект Октябрьской Революции' eta=720s balloon=true
12:51:33.256	I	!YNDX	=== YANDEX NAVI ON ===
12:51:33.288	I	FGS	created
12:51:33.296	I	SIPBR	bind server rc=true attempt=#0
12:51:33.316	I	SIPBR	server connected ComponentInfo{com.ts.car.someip.service/com.ts.car.someip.service.manager.SomeIpServerService}
12:51:33.499	I	SIPBR	registerCallback rc=0
12:51:33.513	I	SIPBR	startService(0xb010a00010000) rc=0
12:51:33.516	I	FGS	startService rc=0
12:51:33.522	I	LOOP	started @ 1000ms tagIdx=0 gaode=true
12:51:37.017	I	YandexNotif	posted icon=notifications_app_logo m=0(NONE) d=0m road='Навигатор запущен' eta=0s maps=false
12:51:37.515	I	YA11Y	node d=7 vid=ru.yandex.yandexnavi:id/activity_search_map_view cls=android.widget.RelativeLayout t='' desc='Карта'
12:51:37.520	I	YA11Y	node d=11 vid=ru.yandex.yandexnavi:id/top_notification_title cls=android.widget.TextView t='Сигнал GPS стабилен' desc=''
12:51:37.522	I	YA11Y	node d=14 vid=ru.yandex.yandexnavi:id/left_tappable_area cls=android.widget.Button t='' desc='Назад'
12:51:37.531	I	YA11Y	node d=14 vid=ru.yandex.yandexnavi:id/dialog_widget_title cls=android.widget.TextView t='Двигайтесь по шагам' desc=''
12:51:37.533	I	YA11Y	node d=14 vid=ru.yandex.yandexnavi:id/right_tappable_area cls=android.widget.Button t='' desc='Вперёд'
12:51:37.535	I	YA11Y	node d=15 vid=ru.yandex.yandexnavi:id/image_maneuverballoon_maneuver cls=android.widget.ImageView t='' desc='Поверните направо'
12:51:37.537	I	YA11Y	node d=15 vid=ru.yandex.yandexnavi:id/text_maneuverballoon_distance cls=android.widget.TextView t='100' desc=''
12:51:37.541	I	YA11Y	node d=15 vid=ru.yandex.yandexnavi:id/text_maneuverballoon_metrics cls=android.widget.TextView t='м' desc=''
12:51:37.549	I	YA11Y	node d=15 vid=ru.yandex.yandexnavi:id/text_nextstreet cls=android.widget.TextView t='проспект Октябрьской Революции' desc=''
12:51:37.552	I	YA11Y	node d=13 vid=ru.yandex.yandexnavi:id/overviewicon cls=android.widget.ImageView t='' desc='Выбрать путь'
12:51:37.554	I	YA11Y	node d=14 vid=ru.yandex.yandexnavi:id/textview_eta_distance cls=android.widget.TextView t='4,6 км' desc='Осталось 4,6 км'
12:51:37.560	I	YA11Y	node d=14 vid=ru.yandex.yandexnavi:id/textview_eta_arrival cls=android.widget.TextView t='13:03' desc='Время прибытия 13:03'
12:51:37.563	I	YA11Y	node d=14 vid=ru.yandex.yandexnavi:id/textview_eta_time cls=android.widget.TextView t='12 мин' desc='Осталось 12 мин'
12:51:37.566	I	YA11Y	node d=13 vid=ru.yandex.yandexnavi:id/resetroutebutton2 cls=android.widget.ImageView t='' desc='Закрыть'
12:51:37.568	I	YA11Y	node d=12 vid= cls=android.widget.TextView t='Продолжить по GPS' desc=''
12:51:37.571	I	YA11Y	node d=13 vid=ru.yandex.yandexnavi:id/control_position_combined_compass cls=android.widget.FrameLayout t='' desc='Компас'
12:51:37.576	I	YA11Y	node d=13 vid=ru.yandex.yandexnavi:id/control_position_combined_find_me cls=android.widget.FrameLayout t='' desc='Кнопка местоположения'
12:51:37.586	I	YA11Y	pkg=ru.yandex.yandexnavi m=RIGHT d=100m road='проспект Октябрьской Революции' eta=720s balloon=true
12:51:39.035	I	YA11Y	pkg=ru.yandex.yandexnavi m=EXIT_RIGHT d=4600m road='проспект Героев Сталинграда' eta=660s balloon=true
12:51:39.240	I	YA11Y	pkg=ru.yandex.yandexnavi m=EXIT_RIGHT d=4600m road='проспект Героев Сталинграда' eta=660s balloon=true
12:51:39.872	I	YA11Y	pkg=ru.yandex.yandexnavi m=EXIT_RIGHT d=4600m road='проспект Героев Сталинграда' eta=660s balloon=true
12:51:40.227	I	YA11Y	pkg=ru.yandex.yandexnavi m=EXIT_RIGHT d=4600m road='проспект Героев Сталинграда' eta=660s balloon=true
12:51:40.760	I	YA11Y	pkg=ru.yandex.yandexnavi m=EXIT_RIGHT d=4600m road='проспект Героев Сталинграда' eta=660s balloon=true
12:51:41.312	I	YA11Y	pkg=ru.yandex.yandexnavi m=EXIT_RIGHT d=4600m road='проспект Героев Сталинграда' eta=660s balloon=true
12:51:41.843	I	YA11Y	pkg=ru.yandex.yandexnavi m=EXIT_RIGHT d=4600m road='проспект Героев Сталинграда' eta=660s balloon=true
12:51:42.377	I	YA11Y	pkg=ru.yandex.yandexnavi m=EXIT_RIGHT d=4600m road='проспект Героев Сталинграда' eta=660s balloon=true
12:51:42.740	I	LOOP	tick #10 rc=0 m=8(GAODE) tag=f28 pk d=4600
12:51:42.922	I	YA11Y	node d=7 vid=ru.yandex.yandexnavi:id/activity_search_map_view cls=android.widget.RelativeLayout t='' desc='Карта'
12:51:42.933	I	YA11Y	node d=11 vid=ru.yandex.yandexnavi:id/top_notification_title cls=android.widget.TextView t='Сигнал GPS стабилен' desc=''
12:51:42.939	I	YA11Y	node d=14 vid=ru.yandex.yandexnavi:id/left_tappable_area cls=android.widget.Button t='' desc='Назад'
12:51:42.943	I	YA11Y	node d=14 vid=ru.yandex.yandexnavi:id/dialog_widget_title cls=android.widget.TextView t='Двигайтесь по шагам' desc=''
12:51:42.948	I	YA11Y	node d=14 vid=ru.yandex.yandexnavi:id/right_tappable_area cls=android.widget.Button t='' desc='Вперёд'
12:51:42.951	I	YA11Y	node d=15 vid=ru.yandex.yandexnavi:id/image_maneuverballoon_maneuver cls=android.widget.ImageView t='' desc='Кольцевое движение'
12:51:42.962	I	YA11Y	node d=15 vid=ru.yandex.yandexnavi:id/text_maneuverballoon_distance cls=android.widget.TextView t='1,1' desc=''
12:51:42.965	I	YA11Y	node d=15 vid=ru.yandex.yandexnavi:id/text_maneuverballoon_metrics cls=android.widget.TextView t='км' desc=''
12:51:42.967	I	YA11Y	node d=15 vid=ru.yandex.yandexnavi:id/text_nextstreet cls=android.widget.TextView t='проспект Героев Сталинграда' desc=''
12:51:42.998	I	YA11Y	node d=15 vid=ru.yandex.yandexnavi:id/exit_number_text cls=android.widget.TextView t='3-й съезд' desc=''
12:51:43.002	I	YA11Y	node d=13 vid=ru.yandex.yandexnavi:id/overviewicon cls=android.widget.ImageView t='' desc='Выбрать путь'
12:51:43.005	I	YA11Y	node d=14 vid=ru.yandex.yandexnavi:id/textview_eta_distance cls=android.widget.TextView t='4,6 км' desc='Осталось 4,6 км'
12:51:43.008	I	YA11Y	node d=14 vid=ru.yandex.yandexnavi:id/textview_eta_arrival cls=android.widget.TextView t='13:02' desc='Время прибытия 13:02'
12:51:43.017	I	YA11Y	node d=14 vid=ru.yandex.yandexnavi:id/textview_eta_time cls=android.widget.TextView t='11 мин' desc='Осталось 11 мин'
12:51:43.031	I	YA11Y	node d=13 vid=ru.yandex.yandexnavi:id/resetroutebutton2 cls=android.widget.ImageView t='' desc='Закрыть'
12:51:43.054	I	YA11Y	node d=12 vid= cls=android.widget.TextView t='Продолжить по GPS' desc=''
12:51:43.082	I	YA11Y	node d=13 vid=ru.yandex.yandexnavi:id/control_position_combined_compass cls=android.widget.FrameLayout t='' desc='Компас'
12:51:43.091	I	YA11Y	node d=13 vid=ru.yandex.yandexnavi:id/control_position_combined_find_me cls=android.widget.FrameLayout t='' desc='Кнопка местоположения'
12:51:43.106	I	YA11Y	pkg=ru.yandex.yandexnavi m=EXIT_RIGHT d=4600m road='проспект Героев Сталинграда' eta=660s balloon=true
12:51:43.541	I	YA11Y	pkg=ru.yandex.yandexnavi m=EXIT_RIGHT d=4600m road='проспект Героев Сталинграда' eta=660s balloon=true
12:51:44.766	I	YA11Y	pkg=ru.yandex.yandexnavi m=EXIT_RIGHT d=4600m road='проспект Героев Сталинграда' eta=660s balloon=true
12:51:44.840	I	YA11Y	pkg=ru.yandex.yandexnavi m=EXIT_RIGHT d=4600m road='проспект Героев Сталинграда' eta=660s balloon=true
12:51:45.496	I	YA11Y	pkg=ru.yandex.yandexnavi m=EXIT_RIGHT d=4600m road='проспект Героев Сталинграда' eta=660s balloon=true
12:51:46.044	I	YA11Y	pkg=ru.yandex.yandexnavi m=EXIT_RIGHT d=100m road='' eta=540s balloon=true
12:51:46.635	I	YA11Y	pkg=ru.yandex.yandexnavi m=EXIT_RIGHT d=100m road='' eta=540s balloon=true
12:51:47.157	I	YA11Y	pkg=ru.yandex.yandexnavi m=EXIT_RIGHT d=100m road='' eta=540s balloon=true
12:51:48.144	I	YA11Y	node d=7 vid=ru.yandex.yandexnavi:id/activity_search_map_view cls=android.widget.RelativeLayout t='' desc='Карта'
12:51:48.234	I	YA11Y	node d=11 vid=ru.yandex.yandexnavi:id/top_notification_title cls=android.widget.TextView t='Сигнал GPS стабилен' desc=''
12:51:48.253	I	YA11Y	node d=14 vid=ru.yandex.yandexnavi:id/left_tappable_area cls=android.widget.Button t='' desc='Назад'
12:51:48.288	I	YA11Y	node d=14 vid=ru.yandex.yandexnavi:id/dialog_widget_title cls=android.widget.TextView t='Двигайтесь по шагам' desc=''
12:51:48.298	I	YA11Y	node d=14 vid=ru.yandex.yandexnavi:id/right_tappable_area cls=android.widget.Button t='' desc='Вперёд'
12:51:48.365	I	YA11Y	node d=15 vid=ru.yandex.yandexnavi:id/image_maneuverballoon_maneuver cls=android.widget.ImageView t='' desc='Кольцевое движение'
12:51:48.427	I	YA11Y	node d=15 vid=ru.yandex.yandexnavi:id/text_maneuverballoon_distance cls=android.widget.TextView t='1,5' desc=''
12:51:48.429	I	YA11Y	node d=15 vid=ru.yandex.yandexnavi:id/text_maneuverballoon_metrics cls=android.widget.TextView t='км' desc=''
12:51:48.433	I	YA11Y	node d=15 vid=ru.yandex.yandexnavi:id/exit_number_text cls=android.widget.TextView t='2-й съезд' desc=''
12:51:48.438	I	YA11Y	node d=13 vid=ru.yandex.yandexnavi:id/overviewicon cls=android.widget.ImageView t='' desc='Выбрать путь'
12:51:48.441	I	YA11Y	node d=14 vid=ru.yandex.yandexnavi:id/textview_eta_distance cls=android.widget.TextView t='3,4 км' desc='Осталось 3,4 км'
12:51:48.444	I	YA11Y	node d=14 vid=ru.yandex.yandexnavi:id/textview_eta_arrival cls=android.widget.TextView t='13:00' desc='Время прибытия 13:00'
12:51:48.464	I	YA11Y	node d=14 vid=ru.yandex.yandexnavi:id/textview_eta_time cls=android.widget.TextView t='9 мин' desc='Осталось 9 мин'
12:51:48.473	I	YA11Y	node d=13 vid=ru.yandex.yandexnavi:id/resetroutebutton2 cls=android.widget.ImageView t='' desc='Закрыть'
12:51:48.477	I	YA11Y	node d=12 vid= cls=android.widget.TextView t='Продолжить по GPS' desc=''
12:51:48.479	I	YA11Y	node d=13 vid=ru.yandex.yandexnavi:id/control_position_combined_compass cls=android.widget.FrameLayout t='' desc='Компас'
12:51:48.481	I	YA11Y	node d=13 vid=ru.yandex.yandexnavi:id/control_position_combined_find_me cls=android.widget.FrameLayout t='' desc='Кнопка местоположения'
12:51:48.484	I	YA11Y	pkg=ru.yandex.yandexnavi m=EXIT_RIGHT d=3400m road='' eta=540s balloon=true
12:51:48.785	I	YA11Y	pkg=ru.yandex.yandexnavi m=EXIT_RIGHT d=3400m road='' eta=540s balloon=true
12:51:49.116	I	YA11Y	pkg=ru.yandex.yandexnavi m=EXIT_RIGHT d=3400m road='' eta=540s balloon=true
12:51:49.552	I	YA11Y	pkg=ru.yandex.yandexnavi m=EXIT_RIGHT d=3400m road='' eta=540s balloon=true
12:51:50.153	I	YA11Y	pkg=ru.yandex.yandexnavi m=EXIT_RIGHT d=3400m road='' eta=540s balloon=true
12:51:51.453	I	YA11Y	pkg=ru.yandex.yandexnavi m=EXIT_RIGHT d=3400m road='' eta=540s balloon=true
12:51:51.541	I	YA11Y	pkg=ru.yandex.yandexnavi m=EXIT_RIGHT d=3400m road='' eta=540s balloon=true
12:51:52.044	I	YA11Y	pkg=ru.yandex.yandexnavi m=EXIT_RIGHT d=3400m road='' eta=540s balloon=true
12:51:52.574	I	YA11Y	pkg=ru.yandex.yandexnavi m=EXIT_RIGHT d=3400m road='' eta=540s balloon=true
12:51:52.912	I	LOOP	tick #20 rc=0 m=8(GAODE) tag=f28 pk d=3400
12:51:53.253	I	YA11Y	node d=7 vid=ru.yandex.yandexnavi:id/activity_search_map_view cls=android.widget.RelativeLayout t='' desc='Карта'
12:51:53.272	I	YA11Y	node d=11 vid=ru.yandex.yandexnavi:id/top_notification_title cls=android.widget.TextView t='Сигнал GPS стабилен' desc=''
12:51:53.285	I	YA11Y	node d=14 vid=ru.yandex.yandexnavi:id/left_tappable_area cls=android.widget.Button t='' desc='Назад'
12:51:53.290	I	YA11Y	node d=14 vid=ru.yandex.yandexnavi:id/dialog_widget_title cls=android.widget.TextView t='Двигайтесь по шагам' desc=''
12:51:53.292	I	YA11Y	node d=14 vid=ru.yandex.yandexnavi:id/right_tappable_area cls=android.widget.Button t='' desc='Вперёд'
12:51:53.295	I	YA11Y	node d=15 vid=ru.yandex.yandexnavi:id/image_maneuverballoon_maneuver cls=android.widget.ImageView t='' desc='Кольцевое движение'
12:51:53.306	I	YA11Y	node d=15 vid=ru.yandex.yandexnavi:id/text_maneuverballoon_distance cls=android.widget.TextView t='1,5' desc=''
12:51:53.317	I	YA11Y	node d=15 vid=ru.yandex.yandexnavi:id/text_maneuverballoon_metrics cls=android.widget.TextView t='км' desc=''
12:51:53.321	I	YA11Y	node d=15 vid=ru.yandex.yandexnavi:id/exit_number_text cls=android.widget.TextView t='2-й съезд' desc=''
12:51:53.325	I	YA11Y	node d=13 vid=ru.yandex.yandexnavi:id/overviewicon cls=android.widget.ImageView t='' desc='Выбрать путь'
12:51:53.330	I	YA11Y	node d=14 vid=ru.yandex.yandexnavi:id/textview_eta_distance cls=android.widget.TextView t='3,4 км' desc='Осталось 3,4 км'
12:51:53.340	I	YA11Y	node d=14 vid=ru.yandex.yandexnavi:id/textview_eta_arrival cls=android.widget.TextView t='13:00' desc='Время прибытия 13:00'
12:51:53.342	I	YA11Y	node d=14 vid=ru.yandex.yandexnavi:id/textview_eta_time cls=android.widget.TextView t='9 мин' desc='Осталось 9 мин'
12:51:53.354	I	YA11Y	node d=13 vid=ru.yandex.yandexnavi:id/resetroutebutton2 cls=android.widget.ImageView t='' desc='Закрыть'
12:51:53.357	I	YA11Y	node d=12 vid= cls=android.widget.TextView t='Продолжить по GPS' desc=''
12:51:53.358	I	YA11Y	node d=13 vid=ru.yandex.yandexnavi:id/control_position_combined_compass cls=android.widget.FrameLayout t='' desc='Компас'
12:51:53.363	I	YA11Y	node d=13 vid=ru.yandex.yandexnavi:id/control_position_combined_find_me cls=android.widget.FrameLayout t='' desc='Кнопка местоположения'
12:51:53.372	I	YA11Y	pkg=ru.yandex.yandexnavi m=EXIT_RIGHT d=3400m road='' eta=540s balloon=true
12:51:53.638	I	YA11Y	pkg=ru.yandex.yandexnavi m=EXIT_RIGHT d=3400m road='' eta=540s balloon=true
12:51:54.174	I	YA11Y	pkg=ru.yandex.yandexnavi m=EXIT_RIGHT d=3400m road='' eta=540s balloon=true
12:51:54.726	I	YA11Y	pkg=ru.yandex.yandexnavi m=EXIT_RIGHT d=100m road='' eta=360s balloon=true
12:51:55.297	I	YA11Y	pkg=ru.yandex.yandexnavi m=EXIT_RIGHT d=100m road='' eta=360s balloon=true
12:51:56.226	I	YA11Y	pkg=ru.yandex.yandexnavi m=EXIT_RIGHT d=100m road='' eta=360s balloon=true
12:51:56.362	I	YA11Y	pkg=ru.yandex.yandexnavi m=EXIT_RIGHT d=100m road='' eta=360s balloon=true
12:51:56.924	I	YA11Y	pkg=ru.yandex.yandexnavi m=EXIT_RIGHT d=100m road='' eta=360s balloon=true
12:51:57.584	I	YA11Y	pkg=ru.yandex.yandexnavi m=EXIT_RIGHT d=100m road='' eta=360s balloon=true
12:51:58.001	I	YA11Y	pkg=ru.yandex.yandexnavi m=EXIT_RIGHT d=100m road='' eta=360s balloon=true
12:51:58.570	I	YA11Y	node d=7 vid=ru.yandex.yandexnavi:id/activity_search_map_view cls=android.widget.RelativeLayout t='' desc='Карта'
12:51:58.572	I	YA11Y	node d=11 vid=ru.yandex.yandexnavi:id/top_notification_title cls=android.widget.TextView t='Сигнал GPS стабилен' desc=''
12:51:58.576	I	YA11Y	node d=14 vid=ru.yandex.yandexnavi:id/left_tappable_area cls=android.widget.Button t='' desc='Назад'
12:51:58.607	I	YA11Y	node d=14 vid=ru.yandex.yandexnavi:id/dialog_widget_title cls=android.widget.TextView t='Двигайтесь по шагам' desc=''
12:51:58.614	I	YA11Y	node d=14 vid=ru.yandex.yandexnavi:id/right_tappable_area cls=android.widget.Button t='' desc='Вперёд'
12:51:58.620	I	YA11Y	node d=15 vid=ru.yandex.yandexnavi:id/image_maneuverballoon_maneuver cls=android.widget.ImageView t='' desc='Поверните налево'
12:51:58.637	I	YA11Y	node d=15 vid=ru.yandex.yandexnavi:id/text_maneuverballoon_distance cls=android.widget.TextView t='800' desc=''
12:51:58.673	I	YA11Y	node d=15 vid=ru.yandex.yandexnavi:id/text_maneuverballoon_metrics cls=android.widget.TextView t='м' desc=''
12:51:58.687	I	YA11Y	node d=15 vid=ru.yandex.yandexnavi:id/text_nextstreet cls=android.widget.TextView t='улица Героев Бреста' desc=''
12:51:58.690	I	YA11Y	node d=13 vid=ru.yandex.yandexnavi:id/overviewicon cls=android.widget.ImageView t='' desc='Выбрать путь'
12:51:58.694	I	YA11Y	node d=14 vid=ru.yandex.yandexnavi:id/textview_eta_distance cls=android.widget.TextView t='1,8 км' desc='Осталось 1,8 км'
12:51:58.701	I	YA11Y	node d=14 vid=ru.yandex.yandexnavi:id/textview_eta_arrival cls=android.widget.TextView t='12:57' desc='Время прибытия 12:57'
12:51:58.704	I	YA11Y	node d=14 vid=ru.yandex.yandexnavi:id/textview_eta_time cls=android.widget.TextView t='6 мин' desc='Осталось 6 мин'
12:51:58.707	I	YA11Y	node d=13 vid=ru.yandex.yandexnavi:id/resetroutebutton2 cls=android.widget.ImageView t='' desc='Закрыть'
12:51:58.710	I	YA11Y	node d=12 vid= cls=android.widget.TextView t='Продолжить по GPS' desc=''
12:51:58.720	I	YA11Y	node d=13 vid=ru.yandex.yandexnavi:id/control_position_combined_compass cls=android.widget.FrameLayout t='' desc='Компас'
12:51:58.722	I	YA11Y	node d=13 vid=ru.yandex.yandexnavi:id/control_position_combined_find_me cls=android.widget.FrameLayout t='' desc='Кнопка местоположения'
12:51:58.729	I	YA11Y	pkg=ru.yandex.yandexnavi m=LEFT d=800m road='улица Героев Бреста' eta=360s balloon=true
12:51:59.602	I	YA11Y	pkg=ru.yandex.yandexnavi m=LEFT d=800m road='улица Героев Бреста' eta=360s balloon=true
12:51:59.683	I	YA11Y	pkg=ru.yandex.yandexnavi m=LEFT d=800m road='улица Героев Бреста' eta=360s balloon=true
12:52:00.513	I	YA11Y	pkg=ru.yandex.yandexnavi m=LEFT d=800m road='улица Героев Бреста' eta=360s balloon=true
12:52:00.941	I	YA11Y	pkg=ru.yandex.yandexnavi m=LEFT d=800m road='улица Героев Бреста' eta=360s balloon=true
12:52:01.330	I	YA11Y	pkg=ru.yandex.yandexnavi m=LEFT d=800m road='улица Героев Бреста' eta=360s balloon=true
12:52:01.840	I	YA11Y	pkg=ru.yandex.yandexnavi m=LEFT d=800m road='улица Героев Бреста' eta=360s balloon=true
12:52:02.374	I	YA11Y	pkg=ru.yandex.yandexnavi m=LEFT d=800m road='улица Героев Бреста' eta=360s balloon=true
12:52:03.167	I	LOOP	tick #30 rc=0 m=1(GAODE) tag=f28 pk d=800
12:52:03.654	I	YA11Y	node d=7 vid=ru.yandex.yandexnavi:id/activity_search_map_view cls=android.widget.RelativeLayout t='' desc='Карта'
12:52:03.677	I	YA11Y	node d=11 vid=ru.yandex.yandexnavi:id/top_notification_title cls=android.widget.TextView t='Сигнал GPS стабилен' desc=''
12:52:03.681	I	YA11Y	node d=14 vid=ru.yandex.yandexnavi:id/left_tappable_area cls=android.widget.Button t='' desc='Назад'
12:52:03.683	I	YA11Y	node d=14 vid=ru.yandex.yandexnavi:id/dialog_widget_title cls=android.widget.TextView t='Двигайтесь по шагам' desc=''
12:52:03.693	I	YA11Y	node d=14 vid=ru.yandex.yandexnavi:id/right_tappable_area cls=android.widget.Button t='' desc='Вперёд'
12:52:03.696	I	YA11Y	node d=15 vid=ru.yandex.yandexnavi:id/image_maneuverballoon_maneuver cls=android.widget.ImageView t='' desc='Поверните налево'
12:52:03.698	I	YA11Y	node d=15 vid=ru.yandex.yandexnavi:id/text_maneuverballoon_distance cls=android.widget.TextView t='800' desc=''
12:52:03.700	I	YA11Y	node d=15 vid=ru.yandex.yandexnavi:id/text_maneuverballoon_metrics cls=android.widget.TextView t='м' desc=''
12:52:03.702	I	YA11Y	node d=15 vid=ru.yandex.yandexnavi:id/text_nextstreet cls=android.widget.TextView t='улица Героев Бреста' desc=''
12:52:03.707	I	YA11Y	node d=13 vid=ru.yandex.yandexnavi:id/overviewicon cls=android.widget.ImageView t='' desc='Выбрать путь'
12:52:03.710	I	YA11Y	node d=14 vid=ru.yandex.yandexnavi:id/textview_eta_distance cls=android.widget.TextView t='1,8 км' desc='Осталось 1,8 км'
12:52:03.713	I	YA11Y	node d=14 vid=ru.yandex.yandexnavi:id/textview_eta_arrival cls=android.widget.TextView t='12:57' desc='Время прибытия 12:57'
12:52:03.715	I	YA11Y	node d=14 vid=ru.yandex.yandexnavi:id/textview_eta_time cls=android.widget.TextView t='6 мин' desc='Осталось 6 мин'
12:52:03.717	I	YA11Y	node d=13 vid=ru.yandex.yandexnavi:id/resetroutebutton2 cls=android.widget.ImageView t='' desc='Закрыть'
12:52:03.719	I	YA11Y	node d=12 vid= cls=android.widget.TextView t='Продолжить по GPS' desc=''
12:52:03.724	I	YA11Y	node d=13 vid=ru.yandex.yandexnavi:id/control_position_combined_compass cls=android.widget.FrameLayout t='' desc='Компас'
12:52:03.726	I	YA11Y	node d=13 vid=ru.yandex.yandexnavi:id/control_position_combined_find_me cls=android.widget.FrameLayout t='' desc='Кнопка местоположения'
12:52:03.729	I	YA11Y	pkg=ru.yandex.yandexnavi m=LEFT d=800m road='улица Героев Бреста' eta=360s balloon=true
12:52:03.797	I	YA11Y	pkg=ru.yandex.yandexnavi m=LEFT d=800m road='улица Героев Бреста' eta=360s balloon=true
12:52:04.443	I	YA11Y	pkg=ru.yandex.yandexnavi m=LEFT d=800m road='улица Героев Бреста' eta=360s balloon=true
12:52:04.884	I	YA11Y	pkg=ru.yandex.yandexnavi m=LEFT d=800m road='улица Героев Бреста' eta=360s balloon=true
12:52:05.369	I	YA11Y	pkg=ru.yandex.yandexnavi m=LEFT d=800m road='улица Героев Бреста' eta=360s balloon=true
12:52:05.893	I	YA11Y	pkg=ru.yandex.yandexnavi m=LEFT d=800m road='улица Героев Бреста' eta=360s balloon=true
12:52:06.432	I	YA11Y	pkg=ru.yandex.yandexnavi m=LEFT d=800m road='улица Героев Бреста' eta=360s balloon=true
12:52:06.997	I	YA11Y	pkg=ru.yandex.yandexnavi m=LEFT d=800m road='улица Героев Бреста' eta=360s balloon=true
12:52:07.518	I	YA11Y	pkg=ru.yandex.yandexnavi m=LEFT d=800m road='улица Героев Бреста' eta=360s balloon=true
12:52:08.981	I	YA11Y	node d=7 vid=ru.yandex.yandexnavi:id/activity_search_map_view cls=android.widget.RelativeLayout t='' desc='Карта'
12:52:08.988	I	YA11Y	node d=11 vid=ru.yandex.yandexnavi:id/top_notification_title cls=android.widget.TextView t='Сигнал GPS стабилен' desc=''
12:52:08.992	I	YA11Y	node d=14 vid=ru.yandex.yandexnavi:id/left_tappable_area cls=android.widget.Button t='' desc='Назад'
12:52:08.994	I	YA11Y	node d=14 vid=ru.yandex.yandexnavi:id/dialog_widget_title cls=android.widget.TextView t='Двигайтесь по шагам' desc=''
12:52:08.997	I	YA11Y	node d=14 vid=ru.yandex.yandexnavi:id/right_tappable_area cls=android.widget.Button t='' desc='Вперёд'
12:52:09.005	I	YA11Y	node d=15 vid=ru.yandex.yandexnavi:id/image_maneuverballoon_maneuver cls=android.widget.ImageView t='' desc='Поверните направо'
12:52:09.007	I	YA11Y	node d=15 vid=ru.yandex.yandexnavi:id/text_maneuverballoon_distance cls=android.widget.TextView t='250' desc=''
12:52:09.009	I	YA11Y	node d=15 vid=ru.yandex.yandexnavi:id/text_maneuverballoon_metrics cls=android.widget.TextView t='м' desc=''
12:52:09.020	I	YA11Y	node d=13 vid=ru.yandex.yandexnavi:id/overviewicon cls=android.widget.ImageView t='' desc='Выбрать путь'
12:52:09.023	I	YA11Y	node d=14 vid=ru.yandex.yandexnavi:id/textview_eta_distance cls=android.widget.TextView t='980 м' desc='Осталось 980 м'
12:52:09.027	I	YA11Y	node d=14 vid=ru.yandex.yandexnavi:id/textview_eta_arrival cls=android.widget.TextView t='12:55' desc='Время прибытия 12:55'
12:52:09.029	I	YA11Y	node d=14 vid=ru.yandex.yandexnavi:id/textview_eta_time cls=android.widget.TextView t='4 мин' desc='Осталось 4 мин'
12:52:09.031	I	YA11Y	node d=13 vid=ru.yandex.yandexnavi:id/resetroutebutton2 cls=android.widget.ImageView t='' desc='Закрыть'
12:52:09.035	I	YA11Y	node d=12 vid= cls=android.widget.TextView t='Продолжить по GPS' desc=''
12:52:09.037	I	YA11Y	node d=13 vid=ru.yandex.yandexnavi:id/control_position_combined_compass cls=android.widget.FrameLayout t='' desc='Компас'
12:52:09.039	I	YA11Y	node d=13 vid=ru.yandex.yandexnavi:id/control_position_combined_find_me cls=android.widget.FrameLayout t='' desc='Кнопка местоположения'
12:52:09.042	I	YA11Y	pkg=ru.yandex.yandexnavi m=RIGHT d=250m road='' eta=240s balloon=true
12:52:09.581	I	YA11Y	pkg=ru.yandex.yandexnavi m=RIGHT d=250m road='' eta=240s balloon=true
12:52:09.626	I	YA11Y	pkg=ru.yandex.yandexnavi m=RIGHT d=250m road='' eta=240s balloon=true
12:52:10.127	I	YA11Y	pkg=ru.yandex.yandexnavi m=RIGHT d=250m road='' eta=240s balloon=true
12:52:10.644	I	YA11Y	pkg=ru.yandex.yandexnavi m=RIGHT d=250m road='' eta=240s balloon=true
12:52:11.159	I	YA11Y	pkg=ru.yandex.yandexnavi m=RIGHT d=250m road='' eta=240s balloon=true
12:52:11.727	I	YA11Y	pkg=ru.yandex.yandexnavi m=LEFT d=40m road='' eta=180s balloon=true
12:52:12.920	I	YA11Y	pkg=ru.yandex.yandexnavi m=LEFT d=40m road='' eta=180s balloon=true
12:52:13.022	I	YA11Y	pkg=ru.yandex.yandexnavi m=LEFT d=40m road='' eta=180s balloon=true
12:52:13.392	I	LOOP	tick #40 rc=0 m=1(GAODE) tag=f28 pk d=40
12:52:13.472	I	YA11Y	pkg=ru.yandex.yandexnavi m=LEFT d=40m road='' eta=180s balloon=true
12:52:14.074	I	YA11Y	node d=7 vid=ru.yandex.yandexnavi:id/activity_search_map_view cls=android.widget.RelativeLayout t='' desc='Карта'
12:52:14.101	I	YA11Y	node d=11 vid=ru.yandex.yandexnavi:id/top_notification_title cls=android.widget.TextView t='Сигнал GPS стабилен' desc=''
12:52:14.111	I	YA11Y	node d=14 vid=ru.yandex.yandexnavi:id/left_tappable_area cls=android.widget.Button t='' desc='Назад'
12:52:14.119	I	YA11Y	node d=14 vid=ru.yandex.yandexnavi:id/dialog_widget_title cls=android.widget.TextView t='Двигайтесь по шагам' desc=''
12:52:14.121	I	YA11Y	node d=14 vid=ru.yandex.yandexnavi:id/right_tappable_area cls=android.widget.Button t='' desc='Вперёд'
12:52:14.123	I	YA11Y	node d=15 vid=ru.yandex.yandexnavi:id/image_maneuverballoon_maneuver cls=android.widget.ImageView t='' desc='Поверните налево'
12:52:14.124	I	YA11Y	node d=15 vid=ru.yandex.yandexnavi:id/text_maneuverballoon_distance cls=android.widget.TextView t='40' desc=''
12:52:14.126	I	YA11Y	node d=15 vid=ru.yandex.yandexnavi:id/text_maneuverballoon_metrics cls=android.widget.TextView t='м' desc=''
12:52:14.132	I	YA11Y	node d=13 vid=ru.yandex.yandexnavi:id/overviewicon cls=android.widget.ImageView t='' desc='Выбрать путь'
12:52:14.135	I	YA11Y	node d=14 vid=ru.yandex.yandexnavi:id/textview_eta_distance cls=android.widget.TextView t='730 м' desc='Осталось 730 м'
12:52:14.137	I	YA11Y	node d=14 vid=ru.yandex.yandexnavi:id/textview_eta_arrival cls=android.widget.TextView t='12:55' desc='Время прибытия 12:55'
12:52:14.139	I	YA11Y	node d=14 vid=ru.yandex.yandexnavi:id/textview_eta_time cls=android.widget.TextView t='3 мин' desc='Осталось 3 мин'
12:52:14.141	I	YA11Y	node d=13 vid=ru.yandex.yandexnavi:id/resetroutebutton2 cls=android.widget.ImageView t='' desc='Закрыть'
12:52:14.143	I	YA11Y	node d=12 vid= cls=android.widget.TextView t='Продолжить по GPS' desc=''
12:52:14.145	I	YA11Y	node d=13 vid=ru.yandex.yandexnavi:id/control_position_combined_compass cls=android.widget.FrameLayout t='' desc='Компас'
12:52:14.148	I	YA11Y	node d=13 vid=ru.yandex.yandexnavi:id/control_position_combined_find_me cls=android.widget.FrameLayout t='' desc='Кнопка местоположения'
12:52:14.151	I	YA11Y	pkg=ru.yandex.yandexnavi m=LEFT d=40m road='' eta=180s balloon=true
12:52:14.639	I	YA11Y	pkg=ru.yandex.yandexnavi m=LEFT d=40m road='' eta=180s balloon=true
12:52:15.195	I	YA11Y	pkg=ru.yandex.yandexnavi m=LEFT d=40m road='' eta=180s balloon=true
12:52:15.814	I	YA11Y	pkg=ru.yandex.yandexnavi m=LEFT d=40m road='' eta=180s balloon=true
12:52:16.346	I	YA11Y	pkg=ru.yandex.yandexnavi m=LEFT d=40m road='' eta=180s balloon=true
12:52:16.925	I	YA11Y	pkg=ru.yandex.yandexnavi m=LEFT d=40m road='' eta=180s balloon=true
12:52:18.119	I	YA11Y	pkg=ru.yandex.yandexnavi m=LEFT d=40m road='' eta=180s balloon=true
12:52:22.263	I	YandexNotif	posted icon=notifications_app_logo m=0(NONE) d=0m road='Навигатор запущен' eta=0s maps=false
12:52:22.651	I	YA11Y	node d=7 vid=ru.yandex.yandexnavi:id/activity_search_map_view cls=android.widget.RelativeLayout t='' desc='Карта'
12:52:22.697	I	YA11Y	node d=11 vid=ru.yandex.yandexnavi:id/top_notification_title cls=android.widget.TextView t='Сигнал GPS стабилен' desc=''
12:52:22.700	I	YA11Y	node d=14 vid=ru.yandex.yandexnavi:id/left_tappable_area cls=android.widget.Button t='' desc='Назад'
12:52:22.702	I	YA11Y	node d=14 vid=ru.yandex.yandexnavi:id/dialog_widget_title cls=android.widget.TextView t='Двигайтесь по шагам' desc=''
12:52:22.706	I	YA11Y	node d=14 vid=ru.yandex.yandexnavi:id/right_tappable_area cls=android.widget.Button t='' desc='Вперёд'
12:52:22.709	I	YA11Y	node d=15 vid=ru.yandex.yandexnavi:id/image_maneuverballoon_maneuver cls=android.widget.ImageView t='' desc='Поверните налево'
12:52:22.713	I	YA11Y	node d=15 vid=ru.yandex.yandexnavi:id/text_maneuverballoon_distance cls=android.widget.TextView t='40' desc=''
12:52:22.714	I	YA11Y	node d=15 vid=ru.yandex.yandexnavi:id/text_maneuverballoon_metrics cls=android.widget.TextView t='м' desc=''
12:52:22.717	I	YA11Y	node d=13 vid=ru.yandex.yandexnavi:id/overviewicon cls=android.widget.ImageView t='' desc='Выбрать путь'
12:52:22.719	I	YA11Y	node d=14 vid=ru.yandex.yandexnavi:id/textview_eta_distance cls=android.widget.TextView t='730 м' desc='Осталось 730 м'
12:52:22.728	I	YA11Y	node d=14 vid=ru.yandex.yandexnavi:id/textview_eta_arrival cls=android.widget.TextView t='12:55' desc='Время прибытия 12:55'
12:52:22.739	I	YA11Y	node d=14 vid=ru.yandex.yandexnavi:id/textview_eta_time cls=android.widget.TextView t='3 мин' desc='Осталось 3 мин'
12:52:22.749	I	YA11Y	node d=13 vid=ru.yandex.yandexnavi:id/resetroutebutton2 cls=android.widget.ImageView t='' desc='Закрыть'
12:52:22.760	I	YA11Y	node d=12 vid= cls=android.widget.TextView t='Продолжить по GPS' desc=''
12:52:22.763	I	YA11Y	node d=13 vid=ru.yandex.yandexnavi:id/control_position_combined_compass cls=android.widget.FrameLayout t='' desc='Компас'
12:52:22.775	I	YA11Y	node d=13 vid=ru.yandex.yandexnavi:id/control_position_combined_find_me cls=android.widget.FrameLayout t='' desc='Кнопка местоположения'
12:52:22.778	I	YA11Y	pkg=ru.yandex.yandexnavi m=LEFT d=40m road='' eta=180s balloon=true
12:52:23.129	I	YA11Y	pkg=ru.yandex.yandexnavi m=LEFT d=40m road='' eta=180s balloon=true
12:52:23.713	I	YA11Y	pkg=ru.yandex.yandexnavi m=LEFT d=40m road='' eta=180s balloon=true
12:52:23.749	I	LOOP	tick #50 rc=0 m=1(GAODE) tag=f28 pk d=40
12:52:24.287	I	YA11Y	pkg=ru.yandex.yandexnavi m=LEFT d=40m road='' eta=180s balloon=true
12:52:25.093	I	YA11Y	pkg=ru.yandex.yandexnavi m=LEFT d=40m road='' eta=180s balloon=true
12:52:25.394	I	YA11Y	pkg=ru.yandex.yandexnavi m=LEFT d=40m road='' eta=180s balloon=true
12:52:25.998	I	YA11Y	pkg=ru.yandex.yandexnavi m=LEFT d=40m road='' eta=180s balloon=true
12:52:26.591	I	YA11Y	pkg=ru.yandex.yandexnavi m=LEFT d=40m road='' eta=180s balloon=true
12:52:27.271	I	YA11Y	pkg=ru.yandex.yandexnavi m=LEFT d=250m road='Читинская улица' eta=180s balloon=true
12:52:27.761	I	YA11Y	node d=7 vid=ru.yandex.yandexnavi:id/activity_search_map_view cls=android.widget.RelativeLayout t='' desc='Карта'
12:52:27.782	I	YA11Y	node d=11 vid=ru.yandex.yandexnavi:id/top_notification_title cls=android.widget.TextView t='Сигнал GPS стабилен' desc=''
12:52:27.785	I	YA11Y	node d=14 vid=ru.yandex.yandexnavi:id/left_tappable_area cls=android.widget.Button t='' desc='Назад'
12:52:27.788	I	YA11Y	node d=14 vid=ru.yandex.yandexnavi:id/dialog_widget_title cls=android.widget.TextView t='Двигайтесь по шагам' desc=''
12:52:27.791	I	YA11Y	node d=14 vid=ru.yandex.yandexnavi:id/right_tappable_area cls=android.widget.Button t='' desc='Вперёд'
12:52:27.793	I	YA11Y	node d=15 vid=ru.yandex.yandexnavi:id/image_maneuverballoon_maneuver cls=android.widget.ImageView t='' desc='Поверните налево'
12:52:27.796	I	YA11Y	node d=15 vid=ru.yandex.yandexnavi:id/text_maneuverballoon_distance cls=android.widget.TextView t='250' desc=''
12:52:27.805	I	YA11Y	node d=15 vid=ru.yandex.yandexnavi:id/text_maneuverballoon_metrics cls=android.widget.TextView t='м' desc=''
12:52:27.813	I	YA11Y	node d=15 vid=ru.yandex.yandexnavi:id/text_nextstreet cls=android.widget.TextView t='Читинская улица' desc=''
12:52:27.815	I	YA11Y	node d=13 vid=ru.yandex.yandexnavi:id/overviewicon cls=android.widget.ImageView t='' desc='Выбрать путь'
12:52:27.819	I	YA11Y	node d=14 vid=ru.yandex.yandexnavi:id/textview_eta_distance cls=android.widget.TextView t='690 м' desc='Осталось 690 м'
12:52:27.822	I	YA11Y	node d=14 vid=ru.yandex.yandexnavi:id/textview_eta_arrival cls=android.widget.TextView t='12:55' desc='Время прибытия 12:55'
12:52:27.826	I	YA11Y	node d=14 vid=ru.yandex.yandexnavi:id/textview_eta_time cls=android.widget.TextView t='3 мин' desc='Осталось 3 мин'
12:52:27.832	I	YA11Y	node d=13 vid=ru.yandex.yandexnavi:id/resetroutebutton2 cls=android.widget.ImageView t='' desc='Закрыть'
12:52:27.838	I	YA11Y	node d=12 vid= cls=android.widget.TextView t='Продолжить по GPS' desc=''
12:52:27.843	I	YA11Y	node d=13 vid=ru.yandex.yandexnavi:id/control_position_combined_compass cls=android.widget.FrameLayout t='' desc='Компас'
12:52:27.855	I	YA11Y	node d=13 vid=ru.yandex.yandexnavi:id/control_position_combined_find_me cls=android.widget.FrameLayout t='' desc='Кнопка местоположения'
12:52:27.865	I	YA11Y	pkg=ru.yandex.yandexnavi m=LEFT d=250m road='Читинская улица' eta=180s balloon=true
12:52:28.238	I	YA11Y	pkg=ru.yandex.yandexnavi m=LEFT d=250m road='Читинская улица' eta=180s balloon=true
12:52:28.779	I	YA11Y	pkg=ru.yandex.yandexnavi m=LEFT d=250m road='Читинская улица' eta=180s balloon=true
12:52:29.324	I	YA11Y	pkg=ru.yandex.yandexnavi m=LEFT d=250m road='Читинская улица' eta=180s balloon=true
12:52:29.913	I	YA11Y	pkg=ru.yandex.yandexnavi m=LEFT d=250m road='Читинская улица' eta=180s balloon=true
12:52:30.426	I	YA11Y	pkg=ru.yandex.yandexnavi m=RIGHT d=250m road='' eta=120s balloon=true
12:52:30.991	I	YA11Y	pkg=ru.yandex.yandexnavi m=RIGHT d=250m road='' eta=120s balloon=true
12:52:31.616	I	YA11Y	pkg=ru.yandex.yandexnavi m=RIGHT d=250m road='' eta=120s balloon=true
12:52:32.151	I	YA11Y	pkg=ru.yandex.yandexnavi m=RIGHT d=250m road='' eta=120s balloon=true
12:52:32.714	I	YA11Y	pkg=ru.yandex.yandexnavi m=RIGHT d=150m road='' eta=60s balloon=true
12:52:33.333	I	YA11Y	node d=7 vid=ru.yandex.yandexnavi:id/activity_search_map_view cls=android.widget.RelativeLayout t='' desc='Карта'
12:52:33.336	I	YA11Y	node d=11 vid=ru.yandex.yandexnavi:id/top_notification_title cls=android.widget.TextView t='Сигнал GPS стабилен' desc=''
12:52:33.341	I	YA11Y	node d=14 vid=ru.yandex.yandexnavi:id/left_tappable_area cls=android.widget.Button t='' desc='Назад'
12:52:33.346	I	YA11Y	node d=14 vid=ru.yandex.yandexnavi:id/dialog_widget_title cls=android.widget.TextView t='Двигайтесь по шагам' desc=''
12:52:33.350	I	YA11Y	node d=14 vid=ru.yandex.yandexnavi:id/right_tappable_area cls=android.widget.Button t='' desc='Вперёд'
12:52:33.352	I	YA11Y	node d=15 vid=ru.yandex.yandexnavi:id/image_maneuverballoon_maneuver cls=android.widget.ImageView t='' desc='Поверните направо'
12:52:33.354	I	YA11Y	node d=15 vid=ru.yandex.yandexnavi:id/text_maneuverballoon_distance cls=android.widget.TextView t='150' desc=''
12:52:33.357	I	YA11Y	node d=15 vid=ru.yandex.yandexnavi:id/text_maneuverballoon_metrics cls=android.widget.TextView t='м' desc=''
12:52:33.359	I	YA11Y	node d=13 vid=ru.yandex.yandexnavi:id/overviewicon cls=android.widget.ImageView t='' desc='Выбрать путь'
12:52:33.390	I	YA11Y	node d=14 vid=ru.yandex.yandexnavi:id/textview_eta_distance cls=android.widget.TextView t='200 м' desc='Осталось 200 м'
12:52:33.400	I	YA11Y	node d=14 vid=ru.yandex.yandexnavi:id/textview_eta_arrival cls=android.widget.TextView t='12:53' desc='Время прибытия 12:53'
12:52:33.403	I	YA11Y	node d=14 vid=ru.yandex.yandexnavi:id/textview_eta_time cls=android.widget.TextView t='1 мин' desc='Осталось 1 мин'
12:52:33.405	I	YA11Y	node d=13 vid=ru.yandex.yandexnavi:id/resetroutebutton2 cls=android.widget.ImageView t='' desc='Закрыть'
12:52:33.410	I	YA11Y	node d=12 vid= cls=android.widget.TextView t='Продолжить по GPS' desc=''
12:52:33.414	I	YA11Y	node d=13 vid=ru.yandex.yandexnavi:id/control_position_combined_compass cls=android.widget.FrameLayout t='' desc='Компас'
12:52:33.416	I	YA11Y	node d=13 vid=ru.yandex.yandexnavi:id/control_position_combined_find_me cls=android.widget.FrameLayout t='' desc='Кнопка местоположения'
12:52:33.420	I	YA11Y	pkg=ru.yandex.yandexnavi m=RIGHT d=150m road='' eta=60s balloon=true
12:52:33.961	I	LOOP	tick #60 rc=0 m=2(GAODE) tag=f28 pk d=150
12:52:34.216	I	YA11Y	pkg=ru.yandex.yandexnavi m=RIGHT d=150m road='' eta=60s balloon=true
12:52:34.577	I	YA11Y	pkg=ru.yandex.yandexnavi m=RIGHT d=150m road='' eta=60s balloon=true
12:52:35.315	I	YA11Y	pkg=ru.yandex.yandexnavi m=NONE d=50m road='' eta=60s balloon=true
12:52:35.555	I	YA11Y	pkg=ru.yandex.yandexnavi m=NONE d=50m road='' eta=60s balloon=true
12:52:36.091	I	YA11Y	pkg=ru.yandex.yandexnavi m=NONE d=50m road='' eta=60s balloon=true
12:52:36.955	I	YA11Y	pkg=ru.yandex.yandexnavi m=NONE d=50m road='' eta=60s balloon=true
12:52:37.258	I	YA11Y	pkg=ru.yandex.yandexnavi m=NONE d=50m road='' eta=60s balloon=true
12:52:37.697	I	YA11Y	pkg=ru.yandex.yandexnavi m=NONE d=50m road='' eta=60s balloon=true
12:52:38.247	I	YA11Y	pkg=ru.yandex.yandexnavi m=NONE d=50m road='' eta=60s balloon=true
12:52:38.812	I	YA11Y	node d=7 vid=ru.yandex.yandexnavi:id/activity_search_map_view cls=android.widget.RelativeLayout t='' desc='Карта'
12:52:38.824	I	YA11Y	node d=11 vid=ru.yandex.yandexnavi:id/top_notification_title cls=android.widget.TextView t='Сигнал GPS стабилен' desc=''
12:52:38.826	I	YA11Y	node d=14 vid=ru.yandex.yandexnavi:id/left_tappable_area cls=android.widget.Button t='' desc='Назад'
12:52:38.839	I	YA11Y	node d=14 vid=ru.yandex.yandexnavi:id/dialog_widget_title cls=android.widget.TextView t='Двигайтесь по шагам' desc=''
12:52:38.854	I	YA11Y	node d=14 vid=ru.yandex.yandexnavi:id/right_tappable_area cls=android.widget.Button t='' desc='Завершить'
12:52:38.865	I	YA11Y	node d=14 vid=ru.yandex.yandexnavi:id/button_dialog_widget_go cls=android.widget.TextView t='Завершить' desc=''
12:52:38.871	I	YA11Y	node d=15 vid=ru.yandex.yandexnavi:id/image_maneuverballoon_maneuver cls=android.widget.ImageView t='' desc='Конец маршрута'
12:52:38.877	I	YA11Y	node d=15 vid=ru.yandex.yandexnavi:id/text_maneuverballoon_distance cls=android.widget.TextView t='50' desc=''
12:52:38.881	I	YA11Y	node d=15 vid=ru.yandex.yandexnavi:id/text_maneuverballoon_metrics cls=android.widget.TextView t='м' desc=''
12:52:38.887	I	YA11Y	node d=13 vid=ru.yandex.yandexnavi:id/overviewicon cls=android.widget.ImageView t='' desc='Выбрать путь'
12:52:38.894	I	YA11Y	node d=14 vid=ru.yandex.yandexnavi:id/textview_eta_distance cls=android.widget.TextView t='50 м' desc='Осталось 50 м'
12:52:38.899	I	YA11Y	node d=14 vid=ru.yandex.yandexnavi:id/textview_eta_arrival cls=android.widget.TextView t='12:53' desc='Время прибытия 12:53'
12:52:38.902	I	YA11Y	node d=14 vid=ru.yandex.yandexnavi:id/textview_eta_time cls=android.widget.TextView t='1 мин' desc='Осталось 1 мин'
12:52:38.906	I	YA11Y	node d=13 vid=ru.yandex.yandexnavi:id/resetroutebutton2 cls=android.widget.ImageView t='' desc='Закрыть'
12:52:38.915	I	YA11Y	node d=12 vid= cls=android.widget.TextView t='Продолжить по GPS' desc=''
12:52:38.917	I	YA11Y	node d=13 vid=ru.yandex.yandexnavi:id/control_position_combined_compass cls=android.widget.FrameLayout t='' desc='Компас'
12:52:38.918	I	YA11Y	node d=13 vid=ru.yandex.yandexnavi:id/control_position_combined_find_me cls=android.widget.FrameLayout t='' desc='Кнопка местоположения'
12:52:38.922	I	YA11Y	pkg=ru.yandex.yandexnavi m=NONE d=50m road='' eta=60s balloon=true
12:52:39.325	I	YA11Y	pkg=ru.yandex.yandexnavi m=NONE d=50m road='' eta=60s balloon=true
12:52:39.853	I	YA11Y	pkg=ru.yandex.yandexnavi m=NONE d=50m road='' eta=60s balloon=true
12:52:40.388	I	YA11Y	pkg=ru.yandex.yandexnavi m=NONE d=50m road='' eta=60s balloon=true
12:52:40.974	I	YA11Y	pkg=ru.yandex.yandexnavi m=NONE d=50m road='' eta=60s balloon=true
12:52:41.489	I	YA11Y	pkg=ru.yandex.yandexnavi m=NONE d=50m road='' eta=60s balloon=true
12:52:42.032	I	YA11Y	pkg=ru.yandex.yandexnavi m=NONE d=50m road='' eta=60s balloon=true
12:52:42.561	I	YA11Y	pkg=ru.yandex.yandexnavi m=NONE d=50m road='' eta=60s balloon=true
12:52:43.344	I	YA11Y	pkg=ru.yandex.yandexnavi m=NONE d=50m road='' eta=60s balloon=true
12:52:43.643	I	YA11Y	pkg=ru.yandex.yandexnavi m=NONE d=50m road='' eta=60s balloon=true
12:52:44.295	I	YA11Y	node d=7 vid=ru.yandex.yandexnavi:id/activity_search_map_view cls=android.widget.RelativeLayout t='' desc='Карта'
12:52:44.299	I	YA11Y	node d=11 vid=ru.yandex.yandexnavi:id/top_notification_title cls=android.widget.TextView t='Сигнал GPS стабилен' desc=''
12:52:44.301	I	YA11Y	node d=14 vid=ru.yandex.yandexnavi:id/left_tappable_area cls=android.widget.Button t='' desc='Назад'
12:52:44.317	I	YA11Y	node d=14 vid=ru.yandex.yandexnavi:id/dialog_widget_title cls=android.widget.TextView t='Двигайтесь по шагам' desc=''
12:52:44.323	I	YA11Y	node d=14 vid=ru.yandex.yandexnavi:id/right_tappable_area cls=android.widget.Button t='' desc='Вперёд'
12:52:44.337	I	YA11Y	node d=15 vid=ru.yandex.yandexnavi:id/image_maneuverballoon_maneuver cls=android.widget.ImageView t='' desc='Поверните направо'
12:52:44.350	I	YA11Y	node d=15 vid=ru.yandex.yandexnavi:id/text_maneuverballoon_distance cls=android.widget.TextView t='150' desc=''
12:52:44.363	I	YA11Y	node d=15 vid=ru.yandex.yandexnavi:id/text_maneuverballoon_metrics cls=android.widget.TextView t='м' desc=''
12:52:44.366	I	YA11Y	node d=13 vid=ru.yandex.yandexnavi:id/overviewicon cls=android.widget.ImageView t='' desc='Выбрать путь'
12:52:44.373	I	YA11Y	node d=14 vid=ru.yandex.yandexnavi:id/textview_eta_distance cls=android.widget.TextView t='200 м' desc='Осталось 200 м'
12:52:44.375	I	YA11Y	node d=14 vid=ru.yandex.yandexnavi:id/textview_eta_arrival cls=android.widget.TextView t='12:53' desc='Время прибытия 12:53'
12:52:44.378	I	YA11Y	node d=14 vid=ru.yandex.yandexnavi:id/textview_eta_time cls=android.widget.TextView t='1 мин' desc='Осталось 1 мин'
12:52:44.382	I	YA11Y	node d=13 vid=ru.yandex.yandexnavi:id/resetroutebutton2 cls=android.widget.ImageView t='' desc='Закрыть'
12:52:44.408	I	YA11Y	node d=12 vid= cls=android.widget.TextView t='Продолжить по GPS' desc=''
12:52:44.408	I	LOOP	tick #70 rc=0 m=2(GAODE) tag=f28 pk d=50
12:52:44.418	I	YA11Y	node d=13 vid=ru.yandex.yandexnavi:id/control_position_combined_compass cls=android.widget.FrameLayout t='' desc='Компас'
12:52:44.466	I	YA11Y	node d=13 vid=ru.yandex.yandexnavi:id/control_position_combined_find_me cls=android.widget.FrameLayout t='' desc='Кнопка местоположения'
12:52:44.485	I	YA11Y	pkg=ru.yandex.yandexnavi m=RIGHT d=150m road='' eta=60s balloon=true
12:52:44.840	I	YA11Y	pkg=ru.yandex.yandexnavi m=RIGHT d=150m road='' eta=60s balloon=true
12:52:45.453	I	YA11Y	pkg=ru.yandex.yandexnavi m=RIGHT d=150m road='' eta=60s balloon=true
12:52:45.953	I	YA11Y	pkg=ru.yandex.yandexnavi m=RIGHT d=150m road='' eta=60s balloon=true
12:52:46.864	I	YA11Y	pkg=ru.yandex.yandexnavi m=RIGHT d=250m road='' eta=120s balloon=true
12:52:47.026	I	YA11Y	pkg=ru.yandex.yandexnavi m=RIGHT d=250m road='' eta=120s balloon=true
12:52:47.783	I	YA11Y	pkg=ru.yandex.yandexnavi m=RIGHT d=250m road='' eta=120s balloon=true
12:52:48.257	I	YA11Y	pkg=ru.yandex.yandexnavi m=LEFT d=250m road='Читинская улица' eta=180s balloon=true
12:52:49.859	I	YA11Y	node d=7 vid=ru.yandex.yandexnavi:id/activity_search_map_view cls=android.widget.RelativeLayout t='' desc='Карта'
12:52:49.885	I	YA11Y	node d=11 vid=ru.yandex.yandexnavi:id/top_notification_title cls=android.widget.TextView t='Сигнал GPS стабилен' desc=''
12:52:49.889	I	YA11Y	node d=14 vid=ru.yandex.yandexnavi:id/left_tappable_area cls=android.widget.Button t='' desc='Назад'
12:52:49.891	I	YA11Y	node d=14 vid=ru.yandex.yandexnavi:id/dialog_widget_title cls=android.widget.TextView t='Двигайтесь по шагам' desc=''
12:52:49.893	I	YA11Y	node d=14 vid=ru.yandex.yandexnavi:id/right_tappable_area cls=android.widget.Button t='' desc='Вперёд'
12:52:49.895	I	YA11Y	node d=15 vid=ru.yandex.yandexnavi:id/image_maneuverballoon_maneuver cls=android.widget.ImageView t='' desc='Поверните налево'
12:52:49.899	I	YA11Y	node d=15 vid=ru.yandex.yandexnavi:id/text_maneuverballoon_distance cls=android.widget.TextView t='40' desc=''
12:52:49.908	I	YA11Y	node d=15 vid=ru.yandex.yandexnavi:id/text_maneuverballoon_metrics cls=android.widget.TextView t='м' desc=''
12:52:49.910	I	YA11Y	node d=13 vid=ru.yandex.yandexnavi:id/overviewicon cls=android.widget.ImageView t='' desc='Выбрать путь'
12:52:49.913	I	YA11Y	node d=14 vid=ru.yandex.yandexnavi:id/textview_eta_distance cls=android.widget.TextView t='730 м' desc='Осталось 730 м'
12:52:49.916	I	YA11Y	node d=14 vid=ru.yandex.yandexnavi:id/textview_eta_arrival cls=android.widget.TextView t='12:55' desc='Время прибытия 12:55'
12:52:49.919	I	YA11Y	node d=14 vid=ru.yandex.yandexnavi:id/textview_eta_time cls=android.widget.TextView t='3 мин' desc='Осталось 3 мин'
12:52:49.922	I	YA11Y	node d=13 vid=ru.yandex.yandexnavi:id/resetroutebutton2 cls=android.widget.ImageView t='' desc='Закрыть'
12:52:49.924	I	YA11Y	node d=12 vid= cls=android.widget.TextView t='Продолжить по GPS' desc=''
12:52:49.926	I	YA11Y	node d=13 vid=ru.yandex.yandexnavi:id/control_position_combined_compass cls=android.widget.FrameLayout t='' desc='Компас'
12:52:49.929	I	YA11Y	node d=13 vid=ru.yandex.yandexnavi:id/control_position_combined_find_me cls=android.widget.FrameLayout t='' desc='Кнопка местоположения'
12:52:49.934	I	YA11Y	pkg=ru.yandex.yandexnavi m=LEFT d=40m road='' eta=180s balloon=true
12:52:50.095	I	YA11Y	pkg=ru.yandex.yandexnavi m=LEFT d=40m road='' eta=180s balloon=true
12:52:50.590	I	YA11Y	pkg=ru.yandex.yandexnavi m=LEFT d=40m road='' eta=180s balloon=true
12:52:51.192	I	YA11Y	pkg=ru.yandex.yandexnavi m=LEFT d=40m road='' eta=180s balloon=true
12:52:51.763	I	YA11Y	pkg=ru.yandex.yandexnavi m=LEFT d=40m road='' eta=180s balloon=true
12:52:52.482	I	YA11Y	pkg=ru.yandex.yandexnavi m=LEFT d=40m road='' eta=180s balloon=true
12:52:53.396	I	YA11Y	pkg=ru.yandex.yandexnavi m=LEFT d=40m road='' eta=180s balloon=true
12:52:53.431	I	YA11Y	pkg=ru.yandex.yandexnavi m=LEFT d=40m road='' eta=180s balloon=true
12:52:54.070	I	YA11Y	pkg=ru.yandex.yandexnavi m=LEFT d=40m road='' eta=180s balloon=true
12:52:54.614	I	LOOP	tick #80 rc=0 m=1(GAODE) tag=f28 pk d=40
12:52:54.617	I	YA11Y	pkg=ru.yandex.yandexnavi m=LEFT d=40m road='' eta=180s balloon=true
12:52:55.163	I	YA11Y	node d=7 vid=ru.yandex.yandexnavi:id/activity_search_map_view cls=android.widget.RelativeLayout t='' desc='Карта'
12:52:55.165	I	YA11Y	node d=11 vid=ru.yandex.yandexnavi:id/top_notification_title cls=android.widget.TextView t='Сигнал GPS стабилен' desc=''
12:52:55.168	I	YA11Y	node d=14 vid=ru.yandex.yandexnavi:id/left_tappable_area cls=android.widget.Button t='' desc='Назад'
12:52:55.171	I	YA11Y	node d=14 vid=ru.yandex.yandexnavi:id/dialog_widget_title cls=android.widget.TextView t='Двигайтесь по шагам' desc=''
12:52:55.172	I	YA11Y	node d=14 vid=ru.yandex.yandexnavi:id/right_tappable_area cls=android.widget.Button t='' desc='Вперёд'
12:52:55.173	I	YA11Y	node d=15 vid=ru.yandex.yandexnavi:id/image_maneuverballoon_maneuver cls=android.widget.ImageView t='' desc='Поверните налево'
12:52:55.174	I	YA11Y	node d=15 vid=ru.yandex.yandexnavi:id/text_maneuverballoon_distance cls=android.widget.TextView t='40' desc=''
12:52:55.180	I	YA11Y	node d=15 vid=ru.yandex.yandexnavi:id/text_maneuverballoon_metrics cls=android.widget.TextView t='м' desc=''
12:52:55.181	I	YA11Y	node d=13 vid=ru.yandex.yandexnavi:id/overviewicon cls=android.widget.ImageView t='' desc='Выбрать путь'
12:52:55.184	I	YA11Y	node d=14 vid=ru.yandex.yandexnavi:id/textview_eta_distance cls=android.widget.TextView t='730 м' desc='Осталось 730 м'
12:52:55.185	I	YA11Y	node d=14 vid=ru.yandex.yandexnavi:id/textview_eta_arrival cls=android.widget.TextView t='12:55' desc='Время прибытия 12:55'
12:52:55.188	I	YA11Y	node d=14 vid=ru.yandex.yandexnavi:id/textview_eta_time cls=android.widget.TextView t='3 мин' desc='Осталось 3 мин'
12:52:55.190	I	YA11Y	node d=13 vid=ru.yandex.yandexnavi:id/resetroutebutton2 cls=android.widget.ImageView t='' desc='Закрыть'
12:52:55.198	I	YA11Y	node d=12 vid= cls=android.widget.TextView t='Продолжить по GPS' desc=''
12:52:55.201	I	YA11Y	node d=13 vid=ru.yandex.yandexnavi:id/control_position_combined_compass cls=android.widget.FrameLayout t='' desc='Компас'
12:52:55.204	I	YA11Y	node d=13 vid=ru.yandex.yandexnavi:id/control_position_combined_find_me cls=android.widget.FrameLayout t='' desc='Кнопка местоположения'
12:52:55.207	I	YA11Y	pkg=ru.yandex.yandexnavi m=LEFT d=40m road='' eta=180s balloon=true
12:52:56.272	I	YA11Y	pkg=ru.yandex.yandexnavi m=RIGHT d=250m road='' eta=240s balloon=true
12:52:56.353	I	YA11Y	pkg=ru.yandex.yandexnavi m=RIGHT d=250m road='' eta=240s balloon=true
12:52:56.971	I	YA11Y	pkg=ru.yandex.yandexnavi m=RIGHT d=250m road='' eta=240s balloon=true
12:52:57.447	I	YA11Y	pkg=ru.yandex.yandexnavi m=RIGHT d=250m road='' eta=240s balloon=true
12:52:57.940	I	YA11Y	pkg=ru.yandex.yandexnavi m=LEFT d=800m road='улица Героев Бреста' eta=360s balloon=true
12:52:58.464	I	YA11Y	pkg=ru.yandex.yandexnavi m=LEFT d=800m road='улица Героев Бреста' eta=360s balloon=true
12:52:59.013	I	YA11Y	pkg=ru.yandex.yandexnavi m=LEFT d=800m road='улица Героев Бреста' eta=360s balloon=true
12:52:59.554	I	YA11Y	pkg=ru.yandex.yandexnavi m=LEFT d=800m road='улица Героев Бреста' eta=360s balloon=true
12:53:00.151	I	YA11Y	pkg=ru.yandex.yandexnavi m=LEFT d=800m road='улица Героев Бреста' eta=360s balloon=true
12:53:00.670	I	YA11Y	node d=7 vid=ru.yandex.yandexnavi:id/activity_search_map_view cls=android.widget.RelativeLayout t='' desc='Карта'
12:53:00.680	I	YA11Y	node d=11 vid=ru.yandex.yandexnavi:id/top_notification_title cls=android.widget.TextView t='Сигнал GPS стабилен' desc=''
12:53:00.699	I	YA11Y	node d=14 vid=ru.yandex.yandexnavi:id/left_tappable_area cls=android.widget.Button t='' desc='Назад'
12:53:00.702	I	YA11Y	node d=14 vid=ru.yandex.yandexnavi:id/dialog_widget_title cls=android.widget.TextView t='Двигайтесь по шагам' desc=''
12:53:00.706	I	YA11Y	node d=14 vid=ru.yandex.yandexnavi:id/right_tappable_area cls=android.widget.Button t='' desc='Вперёд'
12:53:00.721	I	YA11Y	node d=15 vid=ru.yandex.yandexnavi:id/image_maneuverballoon_maneuver cls=android.widget.ImageView t='' desc='Поверните налево'
12:53:00.728	I	YA11Y	node d=15 vid=ru.yandex.yandexnavi:id/text_maneuverballoon_distance cls=android.widget.TextView t='800' desc=''
12:53:00.733	I	YA11Y	node d=15 vid=ru.yandex.yandexnavi:id/text_maneuverballoon_metrics cls=android.widget.TextView t='м' desc=''
12:53:00.740	I	YA11Y	node d=15 vid=ru.yandex.yandexnavi:id/text_nextstreet cls=android.widget.TextView t='улица Героев Бреста' desc=''
12:53:00.757	I	YA11Y	node d=13 vid=ru.yandex.yandexnavi:id/overviewicon cls=android.widget.ImageView t='' desc='Выбрать путь'
12:53:00.762	I	YA11Y	node d=14 vid=ru.yandex.yandexnavi:id/textview_eta_distance cls=android.widget.TextView t='1,8 км' desc='Осталось 1,8 км'
12:53:00.766	I	YA11Y	node d=14 vid=ru.yandex.yandexnavi:id/textview_eta_arrival cls=android.widget.TextView t='12:58' desc='Время прибытия 12:58'
12:53:00.768	I	YA11Y	node d=14 vid=ru.yandex.yandexnavi:id/textview_eta_time cls=android.widget.TextView t='6 мин' desc='Осталось 6 мин'
12:53:00.770	I	YA11Y	node d=13 vid=ru.yandex.yandexnavi:id/resetroutebutton2 cls=android.widget.ImageView t='' desc='Закрыть'
12:53:00.774	I	YA11Y	node d=12 vid= cls=android.widget.TextView t='Продолжить по GPS' desc=''
12:53:00.785	I	YA11Y	node d=13 vid=ru.yandex.yandexnavi:id/control_position_combined_compass cls=android.widget.FrameLayout t='' desc='Компас'
12:53:00.788	I	YA11Y	node d=13 vid=ru.yandex.yandexnavi:id/control_position_combined_find_me cls=android.widget.FrameLayout t='' desc='Кнопка местоположения'
12:53:00.795	I	YA11Y	pkg=ru.yandex.yandexnavi m=LEFT d=800m road='улица Героев Бреста' eta=360s balloon=true
12:53:01.389	I	YA11Y	pkg=ru.yandex.yandexnavi m=LEFT d=800m road='улица Героев Бреста' eta=360s balloon=true
12:53:01.730	I	YA11Y	pkg=ru.yandex.yandexnavi m=LEFT d=800m road='улица Героев Бреста' eta=360s balloon=true
12:53:02.401	I	YA11Y	pkg=ru.yandex.yandexnavi m=LEFT d=800m road='улица Героев Бреста' eta=360s balloon=true
12:53:02.732	I	YA11Y	pkg=ru.yandex.yandexnavi m=LEFT d=800m road='улица Героев Бреста' eta=360s balloon=true
12:53:03.338	I	YA11Y	pkg=ru.yandex.yandexnavi m=EXIT_RIGHT d=100m road='' eta=360s balloon=true
12:53:04.566	I	YA11Y	pkg=ru.yandex.yandexnavi m=EXIT_RIGHT d=100m road='' eta=360s balloon=true
12:53:04.608	I	YA11Y	pkg=ru.yandex.yandexnavi m=EXIT_RIGHT d=100m road='' eta=360s balloon=true
12:53:04.922	I	LOOP	tick #90 rc=0 m=8(GAODE) tag=f28 pk d=100
12:53:05.282	I	YA11Y	pkg=ru.yandex.yandexnavi m=EXIT_RIGHT d=3400m road='' eta=540s balloon=true
12:53:05.756	I	YA11Y	node d=7 vid=ru.yandex.yandexnavi:id/activity_search_map_view cls=android.widget.RelativeLayout t='' desc='Карта'
12:53:05.758	I	YA11Y	node d=11 vid=ru.yandex.yandexnavi:id/top_notification_title cls=android.widget.TextView t='Сигнал GPS стабилен' desc=''
12:53:05.792	I	YA11Y	node d=14 vid=ru.yandex.yandexnavi:id/left_tappable_area cls=android.widget.Button t='' desc='Назад'
12:53:05.795	I	YA11Y	node d=14 vid=ru.yandex.yandexnavi:id/dialog_widget_title cls=android.widget.TextView t='Двигайтесь по шагам' desc=''
12:53:05.796	I	YA11Y	node d=14 vid=ru.yandex.yandexnavi:id/right_tappable_area cls=android.widget.Button t='' desc='Вперёд'
12:53:05.798	I	YA11Y	node d=15 vid=ru.yandex.yandexnavi:id/image_maneuverballoon_maneuver cls=android.widget.ImageView t='' desc='Кольцевое движение'
12:53:05.800	I	YA11Y	node d=15 vid=ru.yandex.yandexnavi:id/text_maneuverballoon_distance cls=android.widget.TextView t='1,5' desc=''
12:53:05.801	I	YA11Y	node d=15 vid=ru.yandex.yandexnavi:id/text_maneuverballoon_metrics cls=android.widget.TextView t='км' desc=''
12:53:05.803	I	YA11Y	node d=15 vid=ru.yandex.yandexnavi:id/exit_number_text cls=android.widget.TextView t='2-й съезд' desc=''
12:53:05.806	I	YA11Y	node d=13 vid=ru.yandex.yandexnavi:id/overviewicon cls=android.widget.ImageView t='' desc='Выбрать путь'
12:53:05.814	I	YA11Y	node d=14 vid=ru.yandex.yandexnavi:id/textview_eta_distance cls=android.widget.TextView t='3,4 км' desc='Осталось 3,4 км'
12:53:05.825	I	YA11Y	node d=14 vid=ru.yandex.yandexnavi:id/textview_eta_arrival cls=android.widget.TextView t='13:02' desc='Время прибытия 13:02'
12:53:05.834	I	YA11Y	node d=14 vid=ru.yandex.yandexnavi:id/textview_eta_time cls=android.widget.TextView t='9 мин' desc='Осталось 9 мин'
12:53:05.838	I	YA11Y	node d=13 vid=ru.yandex.yandexnavi:id/resetroutebutton2 cls=android.widget.ImageView t='' desc='Закрыть'
12:53:05.842	I	YA11Y	node d=12 vid= cls=android.widget.TextView t='Продолжить по GPS' desc=''
12:53:05.844	I	YA11Y	node d=13 vid=ru.yandex.yandexnavi:id/control_position_combined_compass cls=android.widget.FrameLayout t='' desc='Компас'
12:53:05.847	I	YA11Y	node d=13 vid=ru.yandex.yandexnavi:id/control_position_combined_find_me cls=android.widget.FrameLayout t='' desc='Кнопка местоположения'
12:53:05.851	I	YA11Y	pkg=ru.yandex.yandexnavi m=EXIT_RIGHT d=3400m road='' eta=540s balloon=true
12:53:06.264	I	YA11Y	pkg=ru.yandex.yandexnavi m=EXIT_RIGHT d=3400m road='' eta=540s balloon=true
12:53:07.785	I	YA11Y	pkg=ru.yandex.yandexnavi m=EXIT_RIGHT d=3400m road='' eta=540s balloon=true
12:53:07.870	I	YA11Y	pkg=ru.yandex.yandexnavi m=EXIT_RIGHT d=3400m road='' eta=540s balloon=true
12:53:08.455	I	YA11Y	pkg=ru.yandex.yandexnavi m=EXIT_RIGHT d=3400m road='' eta=540s balloon=true
12:53:08.998	I	YA11Y	pkg=ru.yandex.yandexnavi m=EXIT_RIGHT d=3400m road='' eta=540s balloon=true
12:53:10.636	I	YA11Y	pkg=ru.yandex.yandexnavi m=EXIT_RIGHT d=100m road='' eta=540s balloon=true
12:53:10.709	I	YA11Y	pkg=ru.yandex.yandexnavi m=EXIT_RIGHT d=100m road='' eta=540s balloon=true
12:53:11.711	I	YA11Y	node d=7 vid=ru.yandex.yandexnavi:id/activity_search_map_view cls=android.widget.RelativeLayout t='' desc='Карта'
12:53:11.720	I	YA11Y	node d=11 vid=ru.yandex.yandexnavi:id/top_notification_title cls=android.widget.TextView t='Сигнал GPS стабилен' desc=''
12:53:11.725	I	YA11Y	node d=14 vid=ru.yandex.yandexnavi:id/left_tappable_area cls=android.widget.Button t='' desc='Назад'
12:53:11.728	I	YA11Y	node d=14 vid=ru.yandex.yandexnavi:id/dialog_widget_title cls=android.widget.TextView t='Двигайтесь по шагам' desc=''
12:53:11.730	I	YA11Y	node d=14 vid=ru.yandex.yandexnavi:id/right_tappable_area cls=android.widget.Button t='' desc='Вперёд'
12:53:11.734	I	YA11Y	node d=15 vid=ru.yandex.yandexnavi:id/image_maneuverballoon_maneuver cls=android.widget.ImageView t='' desc='Выезд с кольца'
12:53:11.742	I	YA11Y	node d=15 vid=ru.yandex.yandexnavi:id/text_maneuverballoon_distance cls=android.widget.TextView t='100' desc=''
12:53:11.745	I	YA11Y	node d=15 vid=ru.yandex.yandexnavi:id/text_maneuverballoon_metrics cls=android.widget.TextView t='м' desc=''
12:53:11.762	I	YA11Y	node d=15 vid=ru.yandex.yandexnavi:id/exit_number_text cls=android.widget.TextView t='3-й съезд' desc=''
12:53:11.767	I	YA11Y	node d=13 vid=ru.yandex.yandexnavi:id/overviewicon cls=android.widget.ImageView t='' desc='Выбрать путь'
12:53:11.774	I	YA11Y	node d=14 vid=ru.yandex.yandexnavi:id/textview_eta_distance cls=android.widget.TextView t='3,5 км' desc='Осталось 3,5 км'
12:53:11.778	I	YA11Y	node d=14 vid=ru.yandex.yandexnavi:id/textview_eta_arrival cls=android.widget.TextView t='13:04' desc='Время прибытия 13:04'
12:53:11.781	I	YA11Y	node d=14 vid=ru.yandex.yandexnavi:id/textview_eta_time cls=android.widget.TextView t='11 мин' desc='Осталось 11 мин'
12:53:11.784	I	YA11Y	node d=13 vid=ru.yandex.yandexnavi:id/resetroutebutton2 cls=android.widget.ImageView t='' desc='Закрыть'
12:53:11.785	I	YA11Y	node d=12 vid= cls=android.widget.TextView t='Продолжить по GPS' desc=''
12:53:11.789	I	YA11Y	node d=13 vid=ru.yandex.yandexnavi:id/control_position_combined_compass cls=android.widget.FrameLayout t='' desc='Компас'
12:53:11.793	I	YA11Y	node d=13 vid=ru.yandex.yandexnavi:id/control_position_combined_find_me cls=android.widget.FrameLayout t='' desc='Кнопка местоположения'
12:53:11.795	I	YA11Y	pkg=ru.yandex.yandexnavi m=EXIT_RIGHT d=100m road='' eta=660s balloon=true
12:53:11.861	I	YA11Y	pkg=ru.yandex.yandexnavi m=EXIT_RIGHT d=4600m road='проспект Героев Сталинграда' eta=660s balloon=true
12:53:12.390	I	YA11Y	pkg=ru.yandex.yandexnavi m=EXIT_RIGHT d=4600m road='проспект Героев Сталинграда' eta=660s balloon=true
12:53:13.019	I	YA11Y	pkg=ru.yandex.yandexnavi m=EXIT_RIGHT d=4600m road='проспект Героев Сталинграда' eta=660s balloon=true
12:53:13.563	I	YA11Y	pkg=ru.yandex.yandexnavi m=EXIT_RIGHT d=4600m road='проспект Героев Сталинграда' eta=660s balloon=true
12:53:14.401	I	YA11Y	pkg=ru.yandex.yandexnavi m=EXIT_RIGHT d=4600m road='проспект Героев Сталинграда' eta=660s balloon=true
12:53:14.837	I	YA11Y	pkg=ru.yandex.yandexnavi m=EXIT_RIGHT d=4600m road='проспект Героев Сталинграда' eta=660s balloon=true
12:53:15.231	I	LOOP	tick #100 rc=0 m=8(GAODE) tag=f28 pk d=4600
12:53:15.292	I	YA11Y	pkg=ru.yandex.yandexnavi m=EXIT_RIGHT d=4600m road='проспект Героев Сталинграда' eta=660s balloon=true
12:53:15.818	I	YA11Y	pkg=ru.yandex.yandexnavi m=EXIT_RIGHT d=4600m road='проспект Героев Сталинграда' eta=660s balloon=true
12:53:16.368	I	YA11Y	pkg=ru.yandex.yandexnavi m=EXIT_RIGHT d=4600m road='проспект Героев Сталинграда' eta=660s balloon=true
12:53:16.869	I	YA11Y	node d=7 vid=ru.yandex.yandexnavi:id/activity_search_map_view cls=android.widget.RelativeLayout t='' desc='Карта'
12:53:16.871	I	YA11Y	node d=11 vid=ru.yandex.yandexnavi:id/top_notification_title cls=android.widget.TextView t='Сигнал GPS стабилен' desc=''
12:53:16.873	I	YA11Y	node d=14 vid=ru.yandex.yandexnavi:id/left_tappable_area cls=android.widget.Button t='' desc='Назад'
12:53:16.874	I	YA11Y	node d=14 vid=ru.yandex.yandexnavi:id/dialog_widget_title cls=android.widget.TextView t='Двигайтесь по шагам' desc=''
12:53:16.876	I	YA11Y	node d=14 vid=ru.yandex.yandexnavi:id/right_tappable_area cls=android.widget.Button t='' desc='Вперёд'
12:53:16.882	I	YA11Y	node d=15 vid=ru.yandex.yandexnavi:id/image_maneuverballoon_maneuver cls=android.widget.ImageView t='' desc='Кольцевое движение'
12:53:16.889	I	YA11Y	node d=15 vid=ru.yandex.yandexnavi:id/text_maneuverballoon_distance cls=android.widget.TextView t='1,1' desc=''
12:53:16.891	I	YA11Y	node d=15 vid=ru.yandex.yandexnavi:id/text_maneuverballoon_metrics cls=android.widget.TextView t='км' desc=''
12:53:16.893	I	YA11Y	node d=15 vid=ru.yandex.yandexnavi:id/text_nextstreet cls=android.widget.TextView t='проспект Героев Сталинграда' desc=''
12:53:16.899	I	YA11Y	node d=15 vid=ru.yandex.yandexnavi:id/exit_number_text cls=android.widget.TextView t='3-й съезд' desc=''
12:53:16.902	I	YA11Y	node d=13 vid=ru.yandex.yandexnavi:id/overviewicon cls=android.widget.ImageView t='' desc='Выбрать путь'
12:53:16.905	I	YA11Y	node d=14 vid=ru.yandex.yandexnavi:id/textview_eta_distance cls=android.widget.TextView t='4,6 км' desc='Осталось 4,6 км'
12:53:16.909	I	YA11Y	node d=14 vid=ru.yandex.yandexnavi:id/textview_eta_arrival cls=android.widget.TextView t='13:04' desc='Время прибытия 13:04'
12:53:16.911	I	YA11Y	node d=14 vid=ru.yandex.yandexnavi:id/textview_eta_time cls=android.widget.TextView t='11 мин' desc='Осталось 11 мин'
12:53:16.914	I	YA11Y	node d=13 vid=ru.yandex.yandexnavi:id/resetroutebutton2 cls=android.widget.ImageView t='' desc='Закрыть'
12:53:16.919	I	YA11Y	node d=12 vid= cls=android.widget.TextView t='Продолжить по GPS' desc=''
12:53:16.921	I	YA11Y	node d=13 vid=ru.yandex.yandexnavi:id/control_position_combined_compass cls=android.widget.FrameLayout t='' desc='Компас'
12:53:16.932	I	YA11Y	node d=13 vid=ru.yandex.yandexnavi:id/control_position_combined_find_me cls=android.widget.FrameLayout t='' desc='Кнопка местоположения'
12:53:16.935	I	YA11Y	pkg=ru.yandex.yandexnavi m=EXIT_RIGHT d=4600m road='проспект Героев Сталинграда' eta=660s balloon=true
12:53:17.428	I	YA11Y	pkg=ru.yandex.yandexnavi m=EXIT_RIGHT d=4600m road='проспект Героев Сталинграда' eta=660s balloon=true
12:53:18.064	I	YA11Y	pkg=ru.yandex.yandexnavi m=RIGHT d=100m road='проспект Октябрьской Революции' eta=720s balloon=true
12:53:19.157	I	YA11Y	pkg=ru.yandex.yandexnavi m=RIGHT d=100m road='проспект Октябрьской Революции' eta=720s balloon=true
12:53:19.209	I	YA11Y	pkg=ru.yandex.yandexnavi m=RIGHT d=100m road='проспект Октябрьской Революции' eta=720s balloon=true
12:53:19.794	I	YA11Y	pkg=ru.yandex.yandexnavi m=RIGHT d=100m road='проспект Октябрьской Революции' eta=720s balloon=true
12:53:20.310	I	YA11Y	pkg=ru.yandex.yandexnavi m=RIGHT d=100m road='проспект Октябрьской Революции' eta=720s balloon=true
12:53:20.854	I	YA11Y	pkg=ru.yandex.yandexnavi m=RIGHT d=100m road='проспект Октябрьской Революции' eta=720s balloon=true
12:53:21.582	I	YA11Y	pkg=ru.yandex.yandexnavi m=RIGHT d=100m road='проспект Октябрьской Революции' eta=720s balloon=true
12:53:22.022	I	YA11Y	node d=7 vid=ru.yandex.yandexnavi:id/activity_search_map_view cls=android.widget.RelativeLayout t='' desc='Карта'
12:53:22.039	I	YA11Y	node d=11 vid=ru.yandex.yandexnavi:id/top_notification_title cls=android.widget.TextView t='Сигнал GPS стабилен' desc=''
12:53:22.046	I	YA11Y	node d=14 vid=ru.yandex.yandexnavi:id/left_tappable_area cls=android.widget.Button t='' desc='Назад'
12:53:22.061	I	YA11Y	node d=14 vid=ru.yandex.yandexnavi:id/dialog_widget_title cls=android.widget.TextView t='Двигайтесь по шагам' desc=''
12:53:22.067	I	YA11Y	node d=14 vid=ru.yandex.yandexnavi:id/right_tappable_area cls=android.widget.Button t='' desc='Вперёд'
12:53:22.069	I	YA11Y	node d=15 vid=ru.yandex.yandexnavi:id/image_maneuverballoon_maneuver cls=android.widget.ImageView t='' desc='Поверните направо'
12:53:22.074	I	YA11Y	node d=15 vid=ru.yandex.yandexnavi:id/text_maneuverballoon_distance cls=android.widget.TextView t='100' desc=''
12:53:22.082	I	YA11Y	node d=15 vid=ru.yandex.yandexnavi:id/text_maneuverballoon_metrics cls=android.widget.TextView t='м' desc=''
12:53:22.086	I	YA11Y	node d=15 vid=ru.yandex.yandexnavi:id/text_nextstreet cls=android.widget.TextView t='проспект Октябрьской Революции' desc=''
12:53:22.087	I	YA11Y	node d=13 vid=ru.yandex.yandexnavi:id/overviewicon cls=android.widget.ImageView t='' desc='Выбрать путь'
12:53:22.089	I	YA11Y	node d=14 vid=ru.yandex.yandexnavi:id/textview_eta_distance cls=android.widget.TextView t='4,6 км' desc='Осталось 4,6 км'
12:53:22.097	I	YA11Y	node d=14 vid=ru.yandex.yandexnavi:id/textview_eta_arrival cls=android.widget.TextView t='13:05' desc='Время прибытия 13:05'
12:53:22.105	I	YA11Y	node d=14 vid=ru.yandex.yandexnavi:id/textview_eta_time cls=android.widget.TextView t='12 мин' desc='Осталось 12 мин'
12:53:22.109	I	YA11Y	node d=13 vid=ru.yandex.yandexnavi:id/resetroutebutton2 cls=android.widget.ImageView t='' desc='Закрыть'
12:53:22.116	I	YA11Y	node d=12 vid= cls=android.widget.TextView t='Продолжить по GPS' desc=''
12:53:22.125	I	YA11Y	node d=13 vid=ru.yandex.yandexnavi:id/control_position_combined_compass cls=android.widget.FrameLayout t='' desc='Компас'
12:53:22.127	I	YA11Y	node d=13 vid=ru.yandex.yandexnavi:id/control_position_combined_find_me cls=android.widget.FrameLayout t='' desc='Кнопка местоположения'
12:53:22.131	I	YA11Y	pkg=ru.yandex.yandexnavi m=RIGHT d=100m road='проспект Октябрьской Революции' eta=720s balloon=true
12:53:23.334	I	YA11Y	pkg=ru.yandex.yandexnavi m=EXIT_RIGHT d=4600m road='проспект Героев Сталинграда' eta=660s balloon=true
12:53:23.426	I	YA11Y	pkg=ru.yandex.yandexnavi m=EXIT_RIGHT d=4600m road='проспект Героев Сталинграда' eta=660s balloon=true
12:53:24.129	I	YA11Y	pkg=ru.yandex.yandexnavi m=EXIT_RIGHT d=4600m road='проспект Героев Сталинграда' eta=660s balloon=true
12:53:25.512	I	LOOP	tick #110 rc=0 m=8(GAODE) tag=f28 pk d=4600
12:53:28.428	I	UI	enum mode = v33
12:53:31.086	I	YandexNotif	posted icon=notifications_app_logo m=0(NONE) d=0m road='Навигатор запущен' eta=0s maps=false
12:53:31.441	I	YA11Y	node d=7 vid=ru.yandex.yandexnavi:id/activity_search_map_view cls=android.widget.RelativeLayout t='' desc='Карта'
12:53:31.474	I	YA11Y	node d=11 vid=ru.yandex.yandexnavi:id/top_notification_title cls=android.widget.TextView t='Сигнал GPS стабилен' desc=''
12:53:31.497	I	YA11Y	node d=14 vid=ru.yandex.yandexnavi:id/left_tappable_area cls=android.widget.Button t='' desc='Назад'
12:53:31.537	I	YA11Y	node d=14 vid=ru.yandex.yandexnavi:id/dialog_widget_title cls=android.widget.TextView t='Двигайтесь по шагам' desc=''
12:53:31.541	I	YA11Y	node d=14 vid=ru.yandex.yandexnavi:id/right_tappable_area cls=android.widget.Button t='' desc='Вперёд'
12:53:31.552	I	YA11Y	node d=15 vid=ru.yandex.yandexnavi:id/image_maneuverballoon_maneuver cls=android.widget.ImageView t='' desc='Кольцевое движение'
12:53:31.554	I	YA11Y	node d=15 vid=ru.yandex.yandexnavi:id/text_maneuverballoon_distance cls=android.widget.TextView t='1,1' desc=''
12:53:31.563	I	YA11Y	node d=15 vid=ru.yandex.yandexnavi:id/text_maneuverballoon_metrics cls=android.widget.TextView t='км' desc=''
12:53:31.585	I	YA11Y	node d=15 vid=ru.yandex.yandexnavi:id/text_nextstreet cls=android.widget.TextView t='проспект Героев Сталинграда' desc=''
12:53:31.588	I	YA11Y	node d=15 vid=ru.yandex.yandexnavi:id/exit_number_text cls=android.widget.TextView t='3-й съезд' desc=''
12:53:31.591	I	YA11Y	node d=13 vid=ru.yandex.yandexnavi:id/overviewicon cls=android.widget.ImageView t='' desc='Выбрать путь'
12:53:31.593	I	YA11Y	node d=14 vid=ru.yandex.yandexnavi:id/textview_eta_distance cls=android.widget.TextView t='4,6 км' desc='Осталось 4,6 км'
12:53:31.596	I	YA11Y	node d=14 vid=ru.yandex.yandexnavi:id/textview_eta_arrival cls=android.widget.TextView t='13:04' desc='Время прибытия 13:04'
12:53:31.599	I	YA11Y	node d=14 vid=ru.yandex.yandexnavi:id/textview_eta_time cls=android.widget.TextView t='11 мин' desc='Осталось 11 мин'
12:53:31.602	I	YA11Y	node d=13 vid=ru.yandex.yandexnavi:id/resetroutebutton2 cls=android.widget.ImageView t='' desc='Закрыть'
12:53:31.605	I	YA11Y	node d=12 vid= cls=android.widget.TextView t='Продолжить по GPS' desc=''
12:53:31.607	I	YA11Y	node d=13 vid=ru.yandex.yandexnavi:id/control_position_combined_compass cls=android.widget.FrameLayout t='' desc='Компас'
12:53:31.609	I	YA11Y	node d=13 vid=ru.yandex.yandexnavi:id/control_position_combined_find_me cls=android.widget.FrameLayout t='' desc='Кнопка местоположения'
12:53:31.613	I	YA11Y	pkg=ru.yandex.yandexnavi m=EXIT_RIGHT d=4600m road='проспект Героев Сталинграда' eta=660s balloon=true
12:53:32.342	I	YA11Y	pkg=ru.yandex.yandexnavi m=RIGHT d=100m road='проспект Октябрьской Революции' eta=720s balloon=true
12:53:32.790	I	YA11Y	pkg=ru.yandex.yandexnavi m=RIGHT d=100m road='проспект Октябрьской Революции' eta=720s balloon=true
12:53:33.245	I	YA11Y	pkg=ru.yandex.yandexnavi m=RIGHT d=100m road='проспект Октябрьской Революции' eta=720s balloon=true
12:53:34.103	I	YA11Y	pkg=ru.yandex.yandexnavi m=RIGHT d=100m road='проспект Октябрьской Революции' eta=720s balloon=true
12:53:34.368	I	YA11Y	pkg=ru.yandex.yandexnavi m=RIGHT d=10m road='улица Адмирала Юмашева' eta=720s balloon=true
12:53:35.108	I	YA11Y	pkg=ru.yandex.yandexnavi m=RIGHT d=10m road='улица Адмирала Юмашева' eta=720s balloon=true
12:53:35.565	I	YA11Y	pkg=ru.yandex.yandexnavi m=RIGHT d=100m road='проспект Октябрьской Революции' eta=720s balloon=true
12:53:35.764	I	LOOP	tick #120 rc=0 m=3(v33) tag=f28 pk d=100
12:53:36.133	I	YA11Y	pkg=ru.yandex.yandexnavi m=RIGHT d=100m road='проспект Октябрьской Революции' eta=720s balloon=true
12:53:36.690	I	YA11Y	node d=7 vid=ru.yandex.yandexnavi:id/activity_search_map_view cls=android.widget.RelativeLayout t='' desc='Карта'
12:53:36.693	I	YA11Y	node d=11 vid=ru.yandex.yandexnavi:id/top_notification_title cls=android.widget.TextView t='Сигнал GPS стабилен' desc=''
12:53:36.697	I	YA11Y	node d=14 vid=ru.yandex.yandexnavi:id/left_tappable_area cls=android.widget.Button t='' desc='Назад'
12:53:36.702	I	YA11Y	node d=14 vid=ru.yandex.yandexnavi:id/dialog_widget_title cls=android.widget.TextView t='Двигайтесь по шагам' desc=''
12:53:36.704	I	YA11Y	node d=14 vid=ru.yandex.yandexnavi:id/right_tappable_area cls=android.widget.Button t='' desc='Вперёд'
12:53:36.706	I	YA11Y	node d=15 vid=ru.yandex.yandexnavi:id/image_maneuverballoon_maneuver cls=android.widget.ImageView t='' desc='Поверните направо'
12:53:36.708	I	YA11Y	node d=15 vid=ru.yandex.yandexnavi:id/text_maneuverballoon_distance cls=android.widget.TextView t='100' desc=''
12:53:36.713	I	YA11Y	node d=15 vid=ru.yandex.yandexnavi:id/text_maneuverballoon_metrics cls=android.widget.TextView t='м' desc=''
12:53:36.718	I	YA11Y	node d=15 vid=ru.yandex.yandexnavi:id/text_nextstreet cls=android.widget.TextView t='проспект Октябрьской Революции' desc=''
12:53:36.720	I	YA11Y	node d=13 vid=ru.yandex.yandexnavi:id/overviewicon cls=android.widget.ImageView t='' desc='Выбрать путь'
12:53:36.722	I	YA11Y	node d=14 vid=ru.yandex.yandexnavi:id/textview_eta_distance cls=android.widget.TextView t='4,6 км' desc='Осталось 4,6 км'
12:53:36.724	I	YA11Y	node d=14 vid=ru.yandex.yandexnavi:id/textview_eta_arrival cls=android.widget.TextView t='13:05' desc='Время прибытия 13:05'
12:53:36.732	I	YA11Y	node d=14 vid=ru.yandex.yandexnavi:id/textview_eta_time cls=android.widget.TextView t='12 мин' desc='Осталось 12 мин'
12:53:36.735	I	YA11Y	node d=13 vid=ru.yandex.yandexnavi:id/resetroutebutton2 cls=android.widget.ImageView t='' desc='Закрыть'
12:53:36.740	I	YA11Y	node d=12 vid= cls=android.widget.TextView t='Продолжить по GPS' desc=''
12:53:36.757	I	YA11Y	node d=13 vid=ru.yandex.yandexnavi:id/control_position_combined_compass cls=android.widget.FrameLayout t='' desc='Компас'
12:53:36.764	I	YA11Y	node d=13 vid=ru.yandex.yandexnavi:id/control_position_combined_find_me cls=android.widget.FrameLayout t='' desc='Кнопка местоположения'
12:53:36.769	I	YA11Y	pkg=ru.yandex.yandexnavi m=RIGHT d=100m road='проспект Октябрьской Революции' eta=720s balloon=true
12:53:37.174	I	YA11Y	pkg=ru.yandex.yandexnavi m=RIGHT d=100m road='проспект Октябрьской Революции' eta=720s balloon=true
12:53:37.726	I	YA11Y	pkg=ru.yandex.yandexnavi m=RIGHT d=10m road='улица Адмирала Юмашева' eta=720s balloon=true
12:53:38.404	I	YA11Y	pkg=ru.yandex.yandexnavi m=RIGHT d=10m road='улица Адмирала Юмашева' eta=720s balloon=true
12:53:38.961	I	YA11Y	pkg=ru.yandex.yandexnavi m=RIGHT d=10m road='улица Адмирала Юмашева' eta=720s balloon=true
12:53:39.439	I	YA11Y	pkg=ru.yandex.yandexnavi m=RIGHT d=10m road='улица Адмирала Юмашева' eta=720s balloon=true
12:53:39.961	I	YA11Y	pkg=ru.yandex.yandexnavi m=RIGHT d=10m road='улица Адмирала Юмашева' eta=720s balloon=true
12:53:40.490	I	YA11Y	pkg=ru.yandex.yandexnavi m=RIGHT d=10m road='улица Адмирала Юмашева' eta=720s balloon=true
12:53:41.066	I	YA11Y	pkg=ru.yandex.yandexnavi m=RIGHT d=10m road='улица Адмирала Юмашева' eta=720s balloon=true
12:53:41.581	I	YA11Y	pkg=ru.yandex.yandexnavi m=RIGHT d=10m road='улица Адмирала Юмашева' eta=720s balloon=true
12:53:42.162	I	YA11Y	node d=7 vid=ru.yandex.yandexnavi:id/activity_search_map_view cls=android.widget.RelativeLayout t='' desc='Карта'
12:53:42.190	I	YA11Y	node d=11 vid=ru.yandex.yandexnavi:id/top_notification_title cls=android.widget.TextView t='Сигнал GPS стабилен' desc=''
12:53:42.194	I	YA11Y	node d=14 vid=ru.yandex.yandexnavi:id/left_tappable_area cls=android.widget.Button t='' desc='Назад'
12:53:42.195	I	YA11Y	node d=14 vid=ru.yandex.yandexnavi:id/dialog_widget_title cls=android.widget.TextView t='Двигайтесь по шагам' desc=''
12:53:42.204	I	YA11Y	node d=14 vid=ru.yandex.yandexnavi:id/right_tappable_area cls=android.widget.Button t='' desc='Вперёд'
12:53:42.231	I	YA11Y	node d=15 vid=ru.yandex.yandexnavi:id/image_maneuverballoon_maneuver cls=android.widget.ImageView t='' desc='Поверните направо'
12:53:42.233	I	YA11Y	node d=15 vid=ru.yandex.yandexnavi:id/text_maneuverballoon_distance cls=android.widget.TextView t='100' desc=''
12:53:42.235	I	YA11Y	node d=15 vid=ru.yandex.yandexnavi:id/text_maneuverballoon_metrics cls=android.widget.TextView t='м' desc=''
12:53:42.287	I	YA11Y	node d=15 vid=ru.yandex.yandexnavi:id/text_nextstreet cls=android.widget.TextView t='проспект Октябрьской Революции' desc=''
12:53:42.289	I	YA11Y	node d=13 vid=ru.yandex.yandexnavi:id/overviewicon cls=android.widget.ImageView t='' desc='Выбрать путь'
12:53:42.294	I	YA11Y	node d=14 vid=ru.yandex.yandexnavi:id/textview_eta_distance cls=android.widget.TextView t='4,6 км' desc='Осталось 4,6 км'
12:53:42.305	I	YA11Y	node d=14 vid=ru.yandex.yandexnavi:id/textview_eta_arrival cls=android.widget.TextView t='13:05' desc='Время прибытия 13:05'
12:53:42.308	I	YA11Y	node d=14 vid=ru.yandex.yandexnavi:id/textview_eta_time cls=android.widget.TextView t='12 мин' desc='Осталось 12 мин'
12:53:42.312	I	YA11Y	node d=13 vid=ru.yandex.yandexnavi:id/resetroutebutton2 cls=android.widget.ImageView t='' desc='Закрыть'
12:53:42.314	I	YA11Y	node d=12 vid= cls=android.widget.TextView t='Продолжить по GPS' desc=''
12:53:42.316	I	YA11Y	node d=13 vid=ru.yandex.yandexnavi:id/control_position_combined_compass cls=android.widget.FrameLayout t='' desc='Компас'
12:53:42.319	I	YA11Y	node d=13 vid=ru.yandex.yandexnavi:id/control_position_combined_find_me cls=android.widget.FrameLayout t='' desc='Кнопка местоположения'
12:53:42.322	I	YA11Y	pkg=ru.yandex.yandexnavi m=RIGHT d=100m road='проспект Октябрьской Революции' eta=720s balloon=true
12:53:42.762	I	YA11Y	pkg=ru.yandex.yandexnavi m=RIGHT d=100m road='проспект Октябрьской Революции' eta=720s balloon=true
12:53:43.198	I	YA11Y	pkg=ru.yandex.yandexnavi m=RIGHT d=100m road='проспект Октябрьской Революции' eta=720s balloon=true
12:53:43.723	I	YA11Y	pkg=ru.yandex.yandexnavi m=RIGHT d=100m road='проспект Октябрьской Революции' eta=720s balloon=true
12:53:44.261	I	YA11Y	pkg=ru.yandex.yandexnavi m=RIGHT d=100m road='проспект Октябрьской Революции' eta=720s balloon=true
12:53:44.770	I	YA11Y	pkg=ru.yandex.yandexnavi m=RIGHT d=100m road='проспект Октябрьской Революции' eta=720s balloon=true
12:53:45.293	I	YA11Y	pkg=ru.yandex.yandexnavi m=RIGHT d=100m road='проспект Октябрьской Революции' eta=720s balloon=true
12:53:45.856	I	YA11Y	pkg=ru.yandex.yandexnavi m=RIGHT d=100m road='проспект Октябрьской Революции' eta=720s balloon=true
12:53:45.886	I	LOOP	tick #130 rc=0 m=3(v33) tag=f28 pk d=100
12:53:46.530	I	YA11Y	pkg=ru.yandex.yandexnavi m=EXIT_RIGHT d=4600m road='проспект Героев Сталинграда' eta=660s balloon=true
12:53:48.001	I	YA11Y	node d=7 vid=ru.yandex.yandexnavi:id/activity_search_map_view cls=android.widget.RelativeLayout t='' desc='Карта'
12:53:48.016	I	YA11Y	node d=11 vid=ru.yandex.yandexnavi:id/top_notification_title cls=android.widget.TextView t='Сигнал GPS стабилен' desc=''
12:53:48.032	I	YA11Y	node d=14 vid=ru.yandex.yandexnavi:id/left_tappable_area cls=android.widget.Button t='' desc='Назад'
12:53:48.035	I	YA11Y	node d=14 vid=ru.yandex.yandexnavi:id/dialog_widget_title cls=android.widget.TextView t='Двигайтесь по шагам' desc=''
12:53:48.041	I	YA11Y	node d=14 vid=ru.yandex.yandexnavi:id/right_tappable_area cls=android.widget.Button t='' desc='Вперёд'
12:53:48.046	I	YA11Y	node d=15 vid=ru.yandex.yandexnavi:id/image_maneuverballoon_maneuver cls=android.widget.ImageView t='' desc='Кольцевое движение'
12:53:48.051	I	YA11Y	node d=15 vid=ru.yandex.yandexnavi:id/text_maneuverballoon_distance cls=android.widget.TextView t='1,1' desc=''
12:53:48.070	I	YA11Y	node d=15 vid=ru.yandex.yandexnavi:id/text_maneuverballoon_metrics cls=android.widget.TextView t='км' desc=''
12:53:48.081	I	YA11Y	node d=15 vid=ru.yandex.yandexnavi:id/text_nextstreet cls=android.widget.TextView t='проспект Героев Сталинграда' desc=''
12:53:48.091	I	YA11Y	node d=15 vid=ru.yandex.yandexnavi:id/exit_number_text cls=android.widget.TextView t='3-й съезд' desc=''
12:53:48.102	I	YA11Y	node d=13 vid=ru.yandex.yandexnavi:id/overviewicon cls=android.widget.ImageView t='' desc='Выбрать путь'
12:53:48.110	I	YA11Y	node d=14 vid=ru.yandex.yandexnavi:id/textview_eta_distance cls=android.widget.TextView t='4,6 км' desc='Осталось 4,6 км'
12:53:48.124	I	YA11Y	node d=14 vid=ru.yandex.yandexnavi:id/textview_eta_arrival cls=android.widget.TextView t='13:05' desc='Время прибытия 13:05'
12:53:48.127	I	YA11Y	node d=14 vid=ru.yandex.yandexnavi:id/textview_eta_time cls=android.widget.TextView t='11 мин' desc='Осталось 11 мин'
12:53:48.135	I	YA11Y	node d=13 vid=ru.yandex.yandexnavi:id/resetroutebutton2 cls=android.widget.ImageView t='' desc='Закрыть'
12:53:48.150	I	YA11Y	node d=12 vid= cls=android.widget.TextView t='Продолжить по GPS' desc=''
12:53:48.162	I	YA11Y	node d=13 vid=ru.yandex.yandexnavi:id/control_position_combined_compass cls=android.widget.FrameLayout t='' desc='Компас'
12:53:48.177	I	YA11Y	node d=13 vid=ru.yandex.yandexnavi:id/control_position_combined_find_me cls=android.widget.FrameLayout t='' desc='Кнопка местоположения'
12:53:48.186	I	YA11Y	pkg=ru.yandex.yandexnavi m=EXIT_RIGHT d=4600m road='проспект Героев Сталинграда' eta=660s balloon=true
12:53:48.292	I	YA11Y	pkg=ru.yandex.yandexnavi m=EXIT_RIGHT d=4600m road='проспект Героев Сталинграда' eta=660s balloon=true
12:53:48.836	I	YA11Y	pkg=ru.yandex.yandexnavi m=EXIT_RIGHT d=4600m road='проспект Героев Сталинграда' eta=660s balloon=true
12:53:49.820	I	YA11Y	pkg=ru.yandex.yandexnavi m=EXIT_RIGHT d=4600m road='проспект Героев Сталинграда' eta=660s balloon=true
12:53:49.890	I	YA11Y	pkg=ru.yandex.yandexnavi m=EXIT_RIGHT d=4600m road='проспект Героев Сталинграда' eta=660s balloon=true
12:53:50.506	I	YA11Y	pkg=ru.yandex.yandexnavi m=EXIT_RIGHT d=4600m road='проспект Героев Сталинграда' eta=660s balloon=true
12:53:52.044	I	YA11Y	pkg=ru.yandex.yandexnavi m=EXIT_RIGHT d=100m road='' eta=540s balloon=true
12:53:52.107	I	YA11Y	pkg=ru.yandex.yandexnavi m=EXIT_RIGHT d=100m road='' eta=540s balloon=true
12:53:52.669	I	YA11Y	pkg=ru.yandex.yandexnavi m=EXIT_RIGHT d=100m road='' eta=540s balloon=true
12:53:53.212	I	YA11Y	node d=7 vid=ru.yandex.yandexnavi:id/activity_search_map_view cls=android.widget.RelativeLayout t='' desc='Карта'
12:53:53.218	I	YA11Y	node d=11 vid=ru.yandex.yandexnavi:id/top_notification_title cls=android.widget.TextView t='Сигнал GPS стабилен' desc=''
12:53:53.227	I	YA11Y	node d=14 vid=ru.yandex.yandexnavi:id/left_tappable_area cls=android.widget.Button t='' desc='Назад'
12:53:53.229	I	YA11Y	node d=14 vid=ru.yandex.yandexnavi:id/dialog_widget_title cls=android.widget.TextView t='Двигайтесь по шагам' desc=''
12:53:53.231	I	YA11Y	node d=14 vid=ru.yandex.yandexnavi:id/right_tappable_area cls=android.widget.Button t='' desc='Вперёд'
12:53:53.236	I	YA11Y	node d=15 vid=ru.yandex.yandexnavi:id/image_maneuverballoon_maneuver cls=android.widget.ImageView t='' desc='Выезд с кольца'
12:53:53.238	I	YA11Y	node d=15 vid=ru.yandex.yandexnavi:id/text_maneuverballoon_distance cls=android.widget.TextView t='100' desc=''
12:53:53.241	I	YA11Y	node d=15 vid=ru.yandex.yandexnavi:id/text_maneuverballoon_metrics cls=android.widget.TextView t='м' desc=''
12:53:53.248	I	YA11Y	node d=15 vid=ru.yandex.yandexnavi:id/exit_number_text cls=android.widget.TextView t='3-й съезд' desc=''
12:53:53.250	I	YA11Y	node d=13 vid=ru.yandex.yandexnavi:id/overviewicon cls=android.widget.ImageView t='' desc='Выбрать путь'
12:53:53.252	I	YA11Y	node d=14 vid=ru.yandex.yandexnavi:id/textview_eta_distance cls=android.widget.TextView t='3,5 км' desc='Осталось 3,5 км'
12:53:53.255	I	YA11Y	node d=14 vid=ru.yandex.yandexnavi:id/textview_eta_arrival cls=android.widget.TextView t='13:03' desc='Время прибытия 13:03'
12:53:53.257	I	YA11Y	node d=14 vid=ru.yandex.yandexnavi:id/textview_eta_time cls=android.widget.TextView t='9 мин' desc='Осталось 9 мин'
12:53:53.259	I	YA11Y	node d=13 vid=ru.yandex.yandexnavi:id/resetroutebutton2 cls=android.widget.ImageView t='' desc='Закрыть'
12:53:53.261	I	YA11Y	node d=12 vid= cls=android.widget.TextView t='Продолжить по GPS' desc=''
12:53:53.262	I	YA11Y	node d=13 vid=ru.yandex.yandexnavi:id/control_position_combined_compass cls=android.widget.FrameLayout t='' desc='Компас'
12:53:53.276	I	YA11Y	node d=13 vid=ru.yandex.yandexnavi:id/control_position_combined_find_me cls=android.widget.FrameLayout t='' desc='Кнопка местоположения'
12:53:53.282	I	YA11Y	pkg=ru.yandex.yandexnavi m=EXIT_RIGHT d=100m road='' eta=540s balloon=true
12:53:53.927	I	YA11Y	pkg=ru.yandex.yandexnavi m=EXIT_RIGHT d=3400m road='' eta=540s balloon=true
12:53:54.660	I	YA11Y	pkg=ru.yandex.yandexnavi m=EXIT_RIGHT d=3400m road='' eta=540s balloon=true
12:53:55.161	I	YA11Y	pkg=ru.yandex.yandexnavi m=EXIT_RIGHT d=3400m road='' eta=540s balloon=true
12:53:55.638	I	YA11Y	pkg=ru.yandex.yandexnavi m=EXIT_RIGHT d=3400m road='' eta=540s balloon=true
12:53:56.121	I	LOOP	tick #140 rc=0 m=16(v33) tag=f28 pk d=3400
12:53:56.182	I	YA11Y	pkg=ru.yandex.yandexnavi m=EXIT_RIGHT d=3400m road='' eta=540s balloon=true
12:53:56.757	I	YA11Y	pkg=ru.yandex.yandexnavi m=EXIT_RIGHT d=3400m road='' eta=540s balloon=true
12:53:57.734	I	YA11Y	pkg=ru.yandex.yandexnavi m=EXIT_RIGHT d=3400m road='' eta=540s balloon=true
12:53:57.772	I	YA11Y	pkg=ru.yandex.yandexnavi m=EXIT_RIGHT d=3400m road='' eta=540s balloon=true
12:53:58.388	I	YA11Y	node d=7 vid=ru.yandex.yandexnavi:id/activity_search_map_view cls=android.widget.RelativeLayout t='' desc='Карта'
12:53:58.393	I	YA11Y	node d=11 vid=ru.yandex.yandexnavi:id/top_notification_title cls=android.widget.TextView t='Сигнал GPS стабилен' desc=''
12:53:58.399	I	YA11Y	node d=14 vid=ru.yandex.yandexnavi:id/left_tappable_area cls=android.widget.Button t='' desc='Назад'
12:53:58.402	I	YA11Y	node d=14 vid=ru.yandex.yandexnavi:id/dialog_widget_title cls=android.widget.TextView t='Двигайтесь по шагам' desc=''
12:53:58.405	I	YA11Y	node d=14 vid=ru.yandex.yandexnavi:id/right_tappable_area cls=android.widget.Button t='' desc='Вперёд'
12:53:58.408	I	YA11Y	node d=15 vid=ru.yandex.yandexnavi:id/image_maneuverballoon_maneuver cls=android.widget.ImageView t='' desc='Кольцевое движение'
12:53:58.410	I	YA11Y	node d=15 vid=ru.yandex.yandexnavi:id/text_maneuverballoon_distance cls=android.widget.TextView t='1,5' desc=''
12:53:58.417	I	YA11Y	node d=15 vid=ru.yandex.yandexnavi:id/text_maneuverballoon_metrics cls=android.widget.TextView t='км' desc=''
12:53:58.420	I	YA11Y	node d=15 vid=ru.yandex.yandexnavi:id/exit_number_text cls=android.widget.TextView t='2-й съезд' desc=''
12:53:58.423	I	YA11Y	node d=13 vid=ru.yandex.yandexnavi:id/overviewicon cls=android.widget.ImageView t='' desc='Выбрать путь'
12:53:58.426	I	YA11Y	node d=14 vid=ru.yandex.yandexnavi:id/textview_eta_distance cls=android.widget.TextView t='3,4 км' desc='Осталось 3,4 км'
12:53:58.439	I	YA11Y	node d=14 vid=ru.yandex.yandexnavi:id/textview_eta_arrival cls=android.widget.TextView t='13:03' desc='Время прибытия 13:03'
12:53:58.451	I	YA11Y	node d=14 vid=ru.yandex.yandexnavi:id/textview_eta_time cls=android.widget.TextView t='9 мин' desc='Осталось 9 мин'
12:53:58.458	I	YA11Y	node d=13 vid=ru.yandex.yandexnavi:id/resetroutebutton2 cls=android.widget.ImageView t='' desc='Закрыть'
12:53:58.466	I	YA11Y	node d=12 vid= cls=android.widget.TextView t='Продолжить по GPS' desc=''
12:53:58.474	I	YA11Y	node d=13 vid=ru.yandex.yandexnavi:id/control_position_combined_compass cls=android.widget.FrameLayout t='' desc='Компас'
12:53:58.480	I	YA11Y	node d=13 vid=ru.yandex.yandexnavi:id/control_position_combined_find_me cls=android.widget.FrameLayout t='' desc='Кнопка местоположения'
12:53:58.487	I	YA11Y	pkg=ru.yandex.yandexnavi m=EXIT_RIGHT d=3400m road='' eta=540s balloon=true
12:53:58.910	I	YA11Y	pkg=ru.yandex.yandexnavi m=EXIT_RIGHT d=3400m road='' eta=540s balloon=true
12:53:59.932	I	YA11Y	pkg=ru.yandex.yandexnavi m=EXIT_RIGHT d=100m road='' eta=360s balloon=true
12:54:00.006	I	YA11Y	pkg=ru.yandex.yandexnavi m=EXIT_RIGHT d=100m road='' eta=360s balloon=true
12:54:00.494	I	YA11Y	pkg=ru.yandex.yandexnavi m=EXIT_RIGHT d=100m road='' eta=360s balloon=true
12:54:01.093	I	YA11Y	pkg=ru.yandex.yandexnavi m=EXIT_RIGHT d=100m road='' eta=360s balloon=true
12:54:01.560	I	YA11Y	pkg=ru.yandex.yandexnavi m=EXIT_RIGHT d=100m road='' eta=360s balloon=true
12:54:02.110	I	YA11Y	pkg=ru.yandex.yandexnavi m=EXIT_RIGHT d=100m road='' eta=360s balloon=true
12:54:02.931	I	YA11Y	pkg=ru.yandex.yandexnavi m=EXIT_RIGHT d=100m road='' eta=360s balloon=true
12:54:03.333	I	YA11Y	pkg=ru.yandex.yandexnavi m=LEFT d=800m road='улица Героев Бреста' eta=360s balloon=true
12:54:04.200	I	YA11Y	node d=7 vid=ru.yandex.yandexnavi:id/activity_search_map_view cls=android.widget.RelativeLayout t='' desc='Карта'
12:54:04.208	I	YA11Y	node d=11 vid=ru.yandex.yandexnavi:id/top_notification_title cls=android.widget.TextView t='Сигнал GPS стабилен' desc=''
12:54:04.216	I	YA11Y	node d=14 vid=ru.yandex.yandexnavi:id/left_tappable_area cls=android.widget.Button t='' desc='Назад'
12:54:04.223	I	YA11Y	node d=14 vid=ru.yandex.yandexnavi:id/dialog_widget_title cls=android.widget.TextView t='Двигайтесь по шагам' desc=''
12:54:04.230	I	YA11Y	node d=14 vid=ru.yandex.yandexnavi:id/right_tappable_area cls=android.widget.Button t='' desc='Вперёд'
12:54:04.234	I	YA11Y	node d=15 vid=ru.yandex.yandexnavi:id/image_maneuverballoon_maneuver cls=android.widget.ImageView t='' desc='Поверните налево'
12:54:04.239	I	YA11Y	node d=15 vid=ru.yandex.yandexnavi:id/text_maneuverballoon_distance cls=android.widget.TextView t='800' desc=''
12:54:04.247	I	YA11Y	node d=15 vid=ru.yandex.yandexnavi:id/text_maneuverballoon_metrics cls=android.widget.TextView t='м' desc=''
12:54:04.250	I	YA11Y	node d=15 vid=ru.yandex.yandexnavi:id/text_nextstreet cls=android.widget.TextView t='улица Героев Бреста' desc=''
12:54:04.253	I	YA11Y	node d=13 vid=ru.yandex.yandexnavi:id/overviewicon cls=android.widget.ImageView t='' desc='Выбрать путь'
12:54:04.255	I	YA11Y	node d=14 vid=ru.yandex.yandexnavi:id/textview_eta_distance cls=android.widget.TextView t='1,8 км' desc='Осталось 1,8 км'
12:54:04.257	I	YA11Y	node d=14 vid=ru.yandex.yandexnavi:id/textview_eta_arrival cls=android.widget.TextView t='12:59' desc='Время прибытия 12:59'
12:54:04.259	I	YA11Y	node d=14 vid=ru.yandex.yandexnavi:id/textview_eta_time cls=android.widget.TextView t='6 мин' desc='Осталось 6 мин'
12:54:04.264	I	YA11Y	node d=13 vid=ru.yandex.yandexnavi:id/resetroutebutton2 cls=android.widget.ImageView t='' desc='Закрыть'
12:54:04.266	I	YA11Y	node d=12 vid= cls=android.widget.TextView t='Продолжить по GPS' desc=''
12:54:04.268	I	YA11Y	node d=13 vid=ru.yandex.yandexnavi:id/control_position_combined_compass cls=android.widget.FrameLayout t='' desc='Компас'
12:54:04.270	I	YA11Y	node d=13 vid=ru.yandex.yandexnavi:id/control_position_combined_find_me cls=android.widget.FrameLayout t='' desc='Кнопка местоположения'
12:54:04.272	I	YA11Y	pkg=ru.yandex.yandexnavi m=LEFT d=800m road='улица Героев Бреста' eta=360s balloon=true
12:54:04.529	I	YA11Y	pkg=ru.yandex.yandexnavi m=LEFT d=800m road='улица Героев Бреста' eta=360s balloon=true
12:54:05.123	I	YA11Y	pkg=ru.yandex.yandexnavi m=LEFT d=800m road='улица Героев Бреста' eta=360s balloon=true
12:54:05.794	I	YA11Y	pkg=ru.yandex.yandexnavi m=LEFT d=800m road='улица Героев Бреста' eta=360s balloon=true
12:54:06.274	I	YA11Y	pkg=ru.yandex.yandexnavi m=LEFT d=800m road='улица Героев Бреста' eta=360s balloon=true
12:54:06.331	I	LOOP	tick #150 rc=0 m=2(v33) tag=f28 pk d=800
12:54:06.770	I	YA11Y	pkg=ru.yandex.yandexnavi m=LEFT d=800m road='улица Героев Бреста' eta=360s balloon=true
12:54:07.297	I	YA11Y	pkg=ru.yandex.yandexnavi m=LEFT d=800m road='улица Героев Бреста' eta=360s balloon=true
12:54:08.134	I	YA11Y	pkg=ru.yandex.yandexnavi m=LEFT d=800m road='улица Героев Бреста' eta=360s balloon=true
12:54:08.433	I	YA11Y	pkg=ru.yandex.yandexnavi m=LEFT d=800m road='улица Героев Бреста' eta=360s balloon=true
12:54:08.893	I	YA11Y	pkg=ru.yandex.yandexnavi m=LEFT d=800m road='улица Героев Бреста' eta=360s balloon=true
12:54:09.646	I	YA11Y	node d=7 vid=ru.yandex.yandexnavi:id/activity_search_map_view cls=android.widget.RelativeLayout t='' desc='Карта'
12:54:09.649	I	YA11Y	node d=11 vid=ru.yandex.yandexnavi:id/top_notification_title cls=android.widget.TextView t='Сигнал GPS стабилен' desc=''
12:54:09.652	I	YA11Y	node d=14 vid=ru.yandex.yandexnavi:id/left_tappable_area cls=android.widget.Button t='' desc='Назад'
12:54:09.653	I	YA11Y	node d=14 vid=ru.yandex.yandexnavi:id/dialog_widget_title cls=android.widget.TextView t='Двигайтесь по шагам' desc=''
12:54:09.657	I	YA11Y	node d=14 vid=ru.yandex.yandexnavi:id/right_tappable_area cls=android.widget.Button t='' desc='Вперёд'
12:54:09.659	I	YA11Y	node d=15 vid=ru.yandex.yandexnavi:id/image_maneuverballoon_maneuver cls=android.widget.ImageView t='' desc='Поверните налево'
12:54:09.662	I	YA11Y	node d=15 vid=ru.yandex.yandexnavi:id/text_maneuverballoon_distance cls=android.widget.TextView t='800' desc=''
12:54:09.669	I	YA11Y	node d=15 vid=ru.yandex.yandexnavi:id/text_maneuverballoon_metrics cls=android.widget.TextView t='м' desc=''
12:54:09.674	I	YA11Y	node d=15 vid=ru.yandex.yandexnavi:id/text_nextstreet cls=android.widget.TextView t='улица Героев Бреста' desc=''
12:54:09.678	I	YA11Y	node d=13 vid=ru.yandex.yandexnavi:id/overviewicon cls=android.widget.ImageView t='' desc='Выбрать путь'
12:54:09.680	I	YA11Y	node d=14 vid=ru.yandex.yandexnavi:id/textview_eta_distance cls=android.widget.TextView t='1,8 км' desc='Осталось 1,8 км'
12:54:09.682	I	YA11Y	node d=14 vid=ru.yandex.yandexnavi:id/textview_eta_arrival cls=android.widget.TextView t='12:59' desc='Время прибытия 12:59'
12:54:09.684	I	YA11Y	node d=14 vid=ru.yandex.yandexnavi:id/textview_eta_time cls=android.widget.TextView t='6 мин' desc='Осталось 6 мин'
12:54:09.687	I	YA11Y	node d=13 vid=ru.yandex.yandexnavi:id/resetroutebutton2 cls=android.widget.ImageView t='' desc='Закрыть'
12:54:09.691	I	YA11Y	node d=12 vid= cls=android.widget.TextView t='Продолжить по GPS' desc=''
12:54:09.699	I	YA11Y	node d=13 vid=ru.yandex.yandexnavi:id/control_position_combined_compass cls=android.widget.FrameLayout t='' desc='Компас'
12:54:09.701	I	YA11Y	node d=13 vid=ru.yandex.yandexnavi:id/control_position_combined_find_me cls=android.widget.FrameLayout t='' desc='Кнопка местоположения'
12:54:09.704	I	YA11Y	pkg=ru.yandex.yandexnavi m=LEFT d=800m road='улица Героев Бреста' eta=360s balloon=true
12:54:09.995	I	YA11Y	pkg=ru.yandex.yandexnavi m=LEFT d=800m road='улица Героев Бреста' eta=360s balloon=true
12:54:10.634	I	YA11Y	pkg=ru.yandex.yandexnavi m=LEFT d=800m road='улица Героев Бреста' eta=360s balloon=true
12:54:11.230	I	YA11Y	pkg=ru.yandex.yandexnavi m=RIGHT d=250m road='' eta=240s balloon=true
12:54:11.709	I	YA11Y	pkg=ru.yandex.yandexnavi m=RIGHT d=250m road='' eta=240s balloon=true
12:54:12.286	I	YA11Y	pkg=ru.yandex.yandexnavi m=RIGHT d=250m road='' eta=240s balloon=true
12:54:12.822	I	YA11Y	pkg=ru.yandex.yandexnavi m=RIGHT d=250m road='' eta=240s balloon=true
12:54:14.105	I	YA11Y	pkg=ru.yandex.yandexnavi m=RIGHT d=250m road='' eta=240s balloon=true
12:54:14.143	I	YA11Y	pkg=ru.yandex.yandexnavi m=RIGHT d=250m road='' eta=240s balloon=true
12:54:14.745	I	YA11Y	node d=7 vid=ru.yandex.yandexnavi:id/activity_search_map_view cls=android.widget.RelativeLayout t='' desc='Карта'
12:54:14.747	I	YA11Y	node d=11 vid=ru.yandex.yandexnavi:id/top_notification_title cls=android.widget.TextView t='Сигнал GPS стабилен' desc=''
12:54:14.750	I	YA11Y	node d=14 vid=ru.yandex.yandexnavi:id/left_tappable_area cls=android.widget.Button t='' desc='Назад'
12:54:14.758	I	YA11Y	node d=14 vid=ru.yandex.yandexnavi:id/dialog_widget_title cls=android.widget.TextView t='Двигайтесь по шагам' desc=''
12:54:14.760	I	YA11Y	node d=14 vid=ru.yandex.yandexnavi:id/right_tappable_area cls=android.widget.Button t='' desc='Вперёд'
12:54:14.762	I	YA11Y	node d=15 vid=ru.yandex.yandexnavi:id/image_maneuverballoon_maneuver cls=android.widget.ImageView t='' desc='Поверните направо'
12:54:14.765	I	YA11Y	node d=15 vid=ru.yandex.yandexnavi:id/text_maneuverballoon_distance cls=android.widget.TextView t='250' desc=''
12:54:14.770	I	YA11Y	node d=15 vid=ru.yandex.yandexnavi:id/text_maneuverballoon_metrics cls=android.widget.TextView t='м' desc=''
12:54:14.783	I	YA11Y	node d=13 vid=ru.yandex.yandexnavi:id/overviewicon cls=android.widget.ImageView t='' desc='Выбрать путь'
12:54:14.795	I	YA11Y	node d=14 vid=ru.yandex.yandexnavi:id/textview_eta_distance cls=android.widget.TextView t='980 м' desc='Осталось 980 м'
12:54:14.797	I	YA11Y	node d=14 vid=ru.yandex.yandexnavi:id/textview_eta_arrival cls=android.widget.TextView t='12:58' desc='Время прибытия 12:58'
12:54:14.799	I	YA11Y	node d=14 vid=ru.yandex.yandexnavi:id/textview_eta_time cls=android.widget.TextView t='4 мин' desc='Осталось 4 мин'
12:54:14.804	I	YA11Y	node d=13 vid=ru.yandex.yandexnavi:id/resetroutebutton2 cls=android.widget.ImageView t='' desc='Закрыть'
12:54:14.808	I	YA11Y	node d=12 vid= cls=android.widget.TextView t='Продолжить по GPS' desc=''
12:54:14.812	I	YA11Y	node d=13 vid=ru.yandex.yandexnavi:id/control_position_combined_compass cls=android.widget.FrameLayout t='' desc='Компас'
12:54:14.814	I	YA11Y	node d=13 vid=ru.yandex.yandexnavi:id/control_position_combined_find_me cls=android.widget.FrameLayout t='' desc='Кнопка местоположения'
12:54:14.818	I	YA11Y	pkg=ru.yandex.yandexnavi m=RIGHT d=250m road='' eta=240s balloon=true
12:54:15.299	I	YA11Y	pkg=ru.yandex.yandexnavi m=RIGHT d=250m road='' eta=240s balloon=true
12:54:15.847	I	YA11Y	pkg=ru.yandex.yandexnavi m=RIGHT d=250m road='' eta=240s balloon=true
12:54:16.364	I	YA11Y	pkg=ru.yandex.yandexnavi m=RIGHT d=250m road='' eta=240s balloon=true
12:54:16.468	I	LOOP	tick #160 rc=0 m=3(v33) tag=f28 pk d=250
12:54:17.007	I	YA11Y	pkg=ru.yandex.yandexnavi m=LEFT d=40m road='' eta=180s balloon=true
12:54:17.545	I	YA11Y	pkg=ru.yandex.yandexnavi m=LEFT d=40m road='' eta=180s balloon=true
12:54:18.101	I	YA11Y	pkg=ru.yandex.yandexnavi m=LEFT d=40m road='' eta=180s balloon=true
12:54:18.722	I	YA11Y	pkg=ru.yandex.yandexnavi m=LEFT d=40m road='' eta=180s balloon=true
12:54:19.167	I	YA11Y	pkg=ru.yandex.yandexnavi m=LEFT d=40m road='' eta=180s balloon=true
12:54:19.670	I	YA11Y	pkg=ru.yandex.yandexnavi m=LEFT d=40m road='' eta=180s balloon=true
12:54:20.290	I	YA11Y	node d=7 vid=ru.yandex.yandexnavi:id/activity_search_map_view cls=android.widget.RelativeLayout t='' desc='Карта'
12:54:20.300	I	YA11Y	node d=11 vid=ru.yandex.yandexnavi:id/top_notification_title cls=android.widget.TextView t='Сигнал GPS стабилен' desc=''
12:54:20.312	I	YA11Y	node d=14 vid=ru.yandex.yandexnavi:id/left_tappable_area cls=android.widget.Button t='' desc='Назад'
12:54:20.322	I	YA11Y	node d=14 vid=ru.yandex.yandexnavi:id/dialog_widget_title cls=android.widget.TextView t='Двигайтесь по шагам' desc=''
12:54:20.329	I	YA11Y	node d=14 vid=ru.yandex.yandexnavi:id/right_tappable_area cls=android.widget.Button t='' desc='Вперёд'
12:54:20.338	I	YA11Y	node d=15 vid=ru.yandex.yandexnavi:id/image_maneuverballoon_maneuver cls=android.widget.ImageView t='' desc='Поверните налево'
12:54:20.340	I	YA11Y	node d=15 vid=ru.yandex.yandexnavi:id/text_maneuverballoon_distance cls=android.widget.TextView t='40' desc=''
12:54:20.343	I	YA11Y	node d=15 vid=ru.yandex.yandexnavi:id/text_maneuverballoon_metrics cls=android.widget.TextView t='м' desc=''
12:54:20.347	I	YA11Y	node d=13 vid=ru.yandex.yandexnavi:id/overviewicon cls=android.widget.ImageView t='' desc='Выбрать путь'
12:54:20.349	I	YA11Y	node d=14 vid=ru.yandex.yandexnavi:id/textview_eta_distance cls=android.widget.TextView t='730 м' desc='Осталось 730 м'
12:54:20.353	I	YA11Y	node d=14 vid=ru.yandex.yandexnavi:id/textview_eta_arrival cls=android.widget.TextView t='12:57' desc='Время прибытия 12:57'
12:54:20.356	I	YA11Y	node d=14 vid=ru.yandex.yandexnavi:id/textview_eta_time cls=android.widget.TextView t='3 мин' desc='Осталось 3 мин'
12:54:20.358	I	YA11Y	node d=13 vid=ru.yandex.yandexnavi:id/resetroutebutton2 cls=android.widget.ImageView t='' desc='Закрыть'
12:54:20.360	I	YA11Y	node d=12 vid= cls=android.widget.TextView t='Продолжить по GPS' desc=''
12:54:20.364	I	YA11Y	node d=13 vid=ru.yandex.yandexnavi:id/control_position_combined_compass cls=android.widget.FrameLayout t='' desc='Компас'
12:54:20.366	I	YA11Y	node d=13 vid=ru.yandex.yandexnavi:id/control_position_combined_find_me cls=android.widget.FrameLayout t='' desc='Кнопка местоположения'
12:54:20.369	I	YA11Y	pkg=ru.yandex.yandexnavi m=LEFT d=40m road='' eta=180s balloon=true
12:54:20.834	I	YA11Y	pkg=ru.yandex.yandexnavi m=LEFT d=40m road='' eta=180s balloon=true
12:54:21.426	I	YA11Y	pkg=ru.yandex.yandexnavi m=LEFT d=40m road='' eta=180s balloon=true
12:54:22.048	I	YA11Y	pkg=ru.yandex.yandexnavi m=LEFT d=40m road='' eta=180s balloon=true
12:54:26.573	I	LOOP	tick #170 rc=0 m=2(v33) tag=f28 pk d=40
12:54:36.661	I	LOOP	tick #180 rc=0 m=2(v33) tag=f28 pk d=40
12:54:46.761	I	LOOP	tick #190 rc=0 m=2(v33) tag=f28 pk d=40
12:54:49.789	I	YandexNotif	posted icon=notifications_app_logo m=0(NONE) d=0m road='Навигатор запущен' eta=0s maps=false
12:54:50.165	I	YA11Y	node d=7 vid=ru.yandex.yandexnavi:id/activity_search_map_view cls=android.widget.RelativeLayout t='' desc='Карта'
12:54:50.177	I	YA11Y	node d=11 vid=ru.yandex.yandexnavi:id/top_notification_title cls=android.widget.TextView t='Сигнал GPS стабилен' desc=''
12:54:50.195	I	YA11Y	node d=14 vid=ru.yandex.yandexnavi:id/left_tappable_area cls=android.widget.Button t='' desc='Назад'
12:54:50.197	I	YA11Y	node d=14 vid=ru.yandex.yandexnavi:id/dialog_widget_title cls=android.widget.TextView t='Двигайтесь по шагам' desc=''
12:54:50.216	I	YA11Y	node d=14 vid=ru.yandex.yandexnavi:id/right_tappable_area cls=android.widget.Button t='' desc='Вперёд'
12:54:50.229	I	YA11Y	node d=15 vid=ru.yandex.yandexnavi:id/image_maneuverballoon_maneuver cls=android.widget.ImageView t='' desc='Поверните налево'
12:54:50.243	I	YA11Y	node d=15 vid=ru.yandex.yandexnavi:id/text_maneuverballoon_distance cls=android.widget.TextView t='40' desc=''
12:54:50.250	I	YA11Y	node d=15 vid=ru.yandex.yandexnavi:id/text_maneuverballoon_metrics cls=android.widget.TextView t='м' desc=''
12:54:50.255	I	YA11Y	node d=13 vid=ru.yandex.yandexnavi:id/overviewicon cls=android.widget.ImageView t='' desc='Выбрать путь'
12:54:50.260	I	YA11Y	node d=14 vid=ru.yandex.yandexnavi:id/textview_eta_distance cls=android.widget.TextView t='730 м' desc='Осталось 730 м'
12:54:50.263	I	YA11Y	node d=14 vid=ru.yandex.yandexnavi:id/textview_eta_arrival cls=android.widget.TextView t='12:57' desc='Время прибытия 12:57'
12:54:50.265	I	YA11Y	node d=14 vid=ru.yandex.yandexnavi:id/textview_eta_time cls=android.widget.TextView t='3 мин' desc='Осталось 3 мин'
12:54:50.269	I	YA11Y	node d=13 vid=ru.yandex.yandexnavi:id/resetroutebutton2 cls=android.widget.ImageView t='' desc='Закрыть'
12:54:50.272	I	YA11Y	node d=12 vid= cls=android.widget.TextView t='Продолжить по GPS' desc=''
12:54:50.273	I	YA11Y	node d=13 vid=ru.yandex.yandexnavi:id/control_position_combined_compass cls=android.widget.FrameLayout t='' desc='Компас'
12:54:50.278	I	YA11Y	node d=13 vid=ru.yandex.yandexnavi:id/control_position_combined_find_me cls=android.widget.FrameLayout t='' desc='Кнопка местоположения'
12:54:50.297	I	YA11Y	pkg=ru.yandex.yandexnavi m=LEFT d=40m road='' eta=180s balloon=true
12:54:51.077	I	YA11Y	pkg=ru.yandex.yandexnavi m=LEFT d=40m road='' eta=180s balloon=true
12:54:51.250	I	YA11Y	pkg=ru.yandex.yandexnavi m=LEFT d=40m road='' eta=180s balloon=true
12:54:52.193	I	YA11Y	pkg=ru.yandex.yandexnavi m=LEFT d=40m road='' eta=180s balloon=true
12:54:52.382	I	YA11Y	pkg=ru.yandex.yandexnavi m=LEFT d=40m road='' eta=180s balloon=true
12:54:52.921	I	YA11Y	pkg=ru.yandex.yandexnavi m=LEFT d=40m road='' eta=180s balloon=true
12:54:53.509	I	YA11Y	pkg=ru.yandex.yandexnavi m=LEFT d=40m road='' eta=180s balloon=true
12:54:54.318	I	YA11Y	pkg=ru.yandex.yandexnavi m=LEFT d=40m road='' eta=180s balloon=true
12:54:54.783	I	YA11Y	pkg=ru.yandex.yandexnavi m=LEFT d=40m road='' eta=180s balloon=true
12:54:55.370	I	YA11Y	node d=7 vid=ru.yandex.yandexnavi:id/activity_search_map_view cls=android.widget.RelativeLayout t='' desc='Карта'
12:54:55.384	I	YA11Y	node d=11 vid=ru.yandex.yandexnavi:id/top_notification_title cls=android.widget.TextView t='Сигнал GPS стабилен' desc=''
12:54:55.392	I	YA11Y	node d=14 vid=ru.yandex.yandexnavi:id/left_tappable_area cls=android.widget.Button t='' desc='Назад'
12:54:55.393	I	YA11Y	node d=14 vid=ru.yandex.yandexnavi:id/dialog_widget_title cls=android.widget.TextView t='Двигайтесь по шагам' desc=''
12:54:55.395	I	YA11Y	node d=14 vid=ru.yandex.yandexnavi:id/right_tappable_area cls=android.widget.Button t='' desc='Вперёд'
12:54:55.399	I	YA11Y	node d=15 vid=ru.yandex.yandexnavi:id/image_maneuverballoon_maneuver cls=android.widget.ImageView t='' desc='Поверните налево'
12:54:55.402	I	YA11Y	node d=15 vid=ru.yandex.yandexnavi:id/text_maneuverballoon_distance cls=android.widget.TextView t='40' desc=''
12:54:55.410	I	YA11Y	node d=15 vid=ru.yandex.yandexnavi:id/text_maneuverballoon_metrics cls=android.widget.TextView t='м' desc=''
12:54:55.413	I	YA11Y	node d=13 vid=ru.yandex.yandexnavi:id/overviewicon cls=android.widget.ImageView t='' desc='Выбрать путь'
12:54:55.418	I	YA11Y	node d=14 vid=ru.yandex.yandexnavi:id/textview_eta_distance cls=android.widget.TextView t='730 м' desc='Осталось 730 м'
12:54:55.421	I	YA11Y	node d=14 vid=ru.yandex.yandexnavi:id/textview_eta_arrival cls=android.widget.TextView t='12:57' desc='Время прибытия 12:57'
12:54:55.425	I	YA11Y	node d=14 vid=ru.yandex.yandexnavi:id/textview_eta_time cls=android.widget.TextView t='3 мин' desc='Осталось 3 мин'
12:54:55.428	I	YA11Y	node d=13 vid=ru.yandex.yandexnavi:id/resetroutebutton2 cls=android.widget.ImageView t='' desc='Закрыть'
12:54:55.431	I	YA11Y	node d=12 vid= cls=android.widget.TextView t='Продолжить по GPS' desc=''
12:54:55.437	I	YA11Y	node d=13 vid=ru.yandex.yandexnavi:id/control_position_combined_compass cls=android.widget.FrameLayout t='' desc='Компас'
12:54:55.441	I	YA11Y	node d=13 vid=ru.yandex.yandexnavi:id/control_position_combined_find_me cls=android.widget.FrameLayout t='' desc='Кнопка местоположения'
12:54:55.460	I	YA11Y	pkg=ru.yandex.yandexnavi m=LEFT d=40m road='' eta=180s balloon=true
12:54:55.769	I	YA11Y	pkg=ru.yandex.yandexnavi m=LEFT d=40m road='' eta=180s balloon=true
12:54:56.346	I	YA11Y	pkg=ru.yandex.yandexnavi m=LEFT d=40m road='' eta=180s balloon=true
12:54:56.858	I	YA11Y	pkg=ru.yandex.yandexnavi m=LEFT d=40m road='' eta=180s balloon=true
12:54:56.962	I	LOOP	tick #200 rc=0 m=2(v33) tag=f28 pk d=40
12:54:57.435	I	YA11Y	pkg=ru.yandex.yandexnavi m=LEFT d=40m road='' eta=180s balloon=true
12:54:58.045	I	YA11Y	pkg=ru.yandex.yandexnavi m=LEFT d=40m road='' eta=180s balloon=true
12:54:58.564	I	YA11Y	pkg=ru.yandex.yandexnavi m=LEFT d=40m road='' eta=180s balloon=true
12:54:59.154	I	YA11Y	pkg=ru.yandex.yandexnavi m=LEFT d=40m road='' eta=180s balloon=true
12:54:59.900	I	YA11Y	pkg=ru.yandex.yandexnavi m=LEFT d=40m road='' eta=180s balloon=true
12:55:00.248	I	YA11Y	pkg=ru.yandex.yandexnavi m=LEFT d=40m road='' eta=180s balloon=true
12:55:00.806	I	YA11Y	node d=7 vid=ru.yandex.yandexnavi:id/activity_search_map_view cls=android.widget.RelativeLayout t='' desc='Карта'
12:55:00.808	I	YA11Y	node d=11 vid=ru.yandex.yandexnavi:id/top_notification_title cls=android.widget.TextView t='Сигнал GPS стабилен' desc=''
12:55:00.812	I	YA11Y	node d=14 vid=ru.yandex.yandexnavi:id/left_tappable_area cls=android.widget.Button t='' desc='Назад'
12:55:00.814	I	YA11Y	node d=14 vid=ru.yandex.yandexnavi:id/dialog_widget_title cls=android.widget.TextView t='Двигайтесь по шагам' desc=''
12:55:00.818	I	YA11Y	node d=14 vid=ru.yandex.yandexnavi:id/right_tappable_area cls=android.widget.Button t='' desc='Вперёд'
12:55:00.823	I	YA11Y	node d=15 vid=ru.yandex.yandexnavi:id/image_maneuverballoon_maneuver cls=android.widget.ImageView t='' desc='Поверните налево'
12:55:00.832	I	YA11Y	node d=15 vid=ru.yandex.yandexnavi:id/text_maneuverballoon_distance cls=android.widget.TextView t='40' desc=''
12:55:00.835	I	YA11Y	node d=15 vid=ru.yandex.yandexnavi:id/text_maneuverballoon_metrics cls=android.widget.TextView t='м' desc=''
12:55:00.838	I	YA11Y	node d=13 vid=ru.yandex.yandexnavi:id/overviewicon cls=android.widget.ImageView t='' desc='Выбрать путь'
12:55:00.842	I	YA11Y	node d=14 vid=ru.yandex.yandexnavi:id/textview_eta_distance cls=android.widget.TextView t='730 м' desc='Осталось 730 м'
12:55:00.847	I	YA11Y	node d=14 vid=ru.yandex.yandexnavi:id/textview_eta_arrival cls=android.widget.TextView t='12:58' desc='Время прибытия 12:58'
12:55:00.853	I	YA11Y	node d=14 vid=ru.yandex.yandexnavi:id/textview_eta_time cls=android.widget.TextView t='3 мин' desc='Осталось 3 мин'
12:55:00.857	I	YA11Y	node d=13 vid=ru.yandex.yandexnavi:id/resetroutebutton2 cls=android.widget.ImageView t='' desc='Закрыть'
12:55:00.859	I	YA11Y	node d=12 vid= cls=android.widget.TextView t='Продолжить по GPS' desc=''
12:55:00.863	I	YA11Y	node d=13 vid=ru.yandex.yandexnavi:id/control_position_combined_compass cls=android.widget.FrameLayout t='' desc='Компас'
12:55:00.867	I	YA11Y	node d=13 vid=ru.yandex.yandexnavi:id/control_position_combined_find_me cls=android.widget.FrameLayout t='' desc='Кнопка местоположения'
12:55:00.870	I	YA11Y	pkg=ru.yandex.yandexnavi m=LEFT d=40m road='' eta=180s balloon=true
12:55:01.382	I	YA11Y	pkg=ru.yandex.yandexnavi m=LEFT d=40m road='' eta=180s balloon=true
12:55:01.923	I	YA11Y	pkg=ru.yandex.yandexnavi m=LEFT d=40m road='' eta=180s balloon=true
12:55:02.501	I	YA11Y	pkg=ru.yandex.yandexnavi m=LEFT d=40m road='' eta=180s balloon=true
12:55:03.514	I	YA11Y	pkg=ru.yandex.yandexnavi m=LEFT d=40m road='' eta=180s balloon=true
12:55:03.699	I	YA11Y	pkg=ru.yandex.yandexnavi m=LEFT d=40m road='' eta=180s balloon=true
12:55:04.264	I	YA11Y	pkg=ru.yandex.yandexnavi m=LEFT d=40m road='' eta=180s balloon=true
12:55:04.855	I	YA11Y	pkg=ru.yandex.yandexnavi m=LEFT d=40m road='' eta=180s balloon=true
12:55:05.510	I	YA11Y	pkg=ru.yandex.yandexnavi m=LEFT d=40m road='' eta=180s balloon=true
12:55:05.969	I	YA11Y	node d=7 vid=ru.yandex.yandexnavi:id/activity_search_map_view cls=android.widget.RelativeLayout t='' desc='Карта'
12:55:05.993	I	YA11Y	node d=11 vid=ru.yandex.yandexnavi:id/top_notification_title cls=android.widget.TextView t='Сигнал GPS стабилен' desc=''
12:55:06.000	I	YA11Y	node d=14 vid=ru.yandex.yandexnavi:id/left_tappable_area cls=android.widget.Button t='' desc='Назад'
12:55:06.003	I	YA11Y	node d=14 vid=ru.yandex.yandexnavi:id/dialog_widget_title cls=android.widget.TextView t='Двигайтесь по шагам' desc=''
12:55:06.026	I	YA11Y	node d=14 vid=ru.yandex.yandexnavi:id/right_tappable_area cls=android.widget.Button t='' desc='Вперёд'
12:55:06.030	I	YA11Y	node d=15 vid=ru.yandex.yandexnavi:id/image_maneuverballoon_maneuver cls=android.widget.ImageView t='' desc='Поверните налево'
12:55:06.033	I	YA11Y	node d=15 vid=ru.yandex.yandexnavi:id/text_maneuverballoon_distance cls=android.widget.TextView t='40' desc=''
12:55:06.040	I	YA11Y	node d=15 vid=ru.yandex.yandexnavi:id/text_maneuverballoon_metrics cls=android.widget.TextView t='м' desc=''
12:55:06.052	I	YA11Y	node d=13 vid=ru.yandex.yandexnavi:id/overviewicon cls=android.widget.ImageView t='' desc='Выбрать путь'
12:55:06.065	I	YA11Y	node d=14 vid=ru.yandex.yandexnavi:id/textview_eta_distance cls=android.widget.TextView t='730 м' desc='Осталось 730 м'
12:55:06.095	I	YA11Y	node d=14 vid=ru.yandex.yandexnavi:id/textview_eta_arrival cls=android.widget.TextView t='12:58' desc='Время прибытия 12:58'
12:55:06.101	I	YA11Y	node d=14 vid=ru.yandex.yandexnavi:id/textview_eta_time cls=android.widget.TextView t='3 мин' desc='Осталось 3 мин'
12:55:06.104	I	YA11Y	node d=13 vid=ru.yandex.yandexnavi:id/resetroutebutton2 cls=android.widget.ImageView t='' desc='Закрыть'
12:55:06.107	I	YA11Y	node d=12 vid= cls=android.widget.TextView t='Продолжить по GPS' desc=''
12:55:06.110	I	YA11Y	node d=13 vid=ru.yandex.yandexnavi:id/control_position_combined_compass cls=android.widget.FrameLayout t='' desc='Компас'
12:55:06.112	I	YA11Y	node d=13 vid=ru.yandex.yandexnavi:id/control_position_combined_find_me cls=android.widget.FrameLayout t='' desc='Кнопка местоположения'
12:55:06.114	I	YA11Y	pkg=ru.yandex.yandexnavi m=LEFT d=40m road='' eta=180s balloon=true
12:55:06.701	I	YA11Y	pkg=ru.yandex.yandexnavi m=LEFT d=40m road='' eta=180s balloon=true
12:55:07.001	I	YA11Y	pkg=ru.yandex.yandexnavi m=LEFT d=40m road='' eta=180s balloon=true
12:55:07.203	I	LOOP	tick #210 rc=0 m=2(v33) tag=f28 pk d=40
12:55:07.543	I	YA11Y	pkg=ru.yandex.yandexnavi m=LEFT d=40m road='' eta=180s balloon=true
12:55:08.188	I	YA11Y	pkg=ru.yandex.yandexnavi m=LEFT d=40m road='' eta=180s balloon=true
12:55:08.695	I	YA11Y	pkg=ru.yandex.yandexnavi m=LEFT d=40m road='' eta=180s balloon=true
12:55:09.241	I	YA11Y	pkg=ru.yandex.yandexnavi m=LEFT d=40m road='' eta=180s balloon=true
12:55:10.173	I	YA11Y	pkg=ru.yandex.yandexnavi m=LEFT d=40m road='' eta=180s balloon=true
12:55:10.383	I	YA11Y	pkg=ru.yandex.yandexnavi m=LEFT d=40m road='' eta=180s balloon=true
12:55:10.944	I	YA11Y	pkg=ru.yandex.yandexnavi m=LEFT d=40m road='' eta=180s balloon=true
12:55:11.496	I	YA11Y	node d=7 vid=ru.yandex.yandexnavi:id/activity_search_map_view cls=android.widget.RelativeLayout t='' desc='Карта'
12:55:11.498	I	YA11Y	node d=11 vid=ru.yandex.yandexnavi:id/top_notification_title cls=android.widget.TextView t='Сигнал GPS стабилен' desc=''
12:55:11.500	I	YA11Y	node d=14 vid=ru.yandex.yandexnavi:id/left_tappable_area cls=android.widget.Button t='' desc='Назад'
12:55:11.503	I	YA11Y	node d=14 vid=ru.yandex.yandexnavi:id/dialog_widget_title cls=android.widget.TextView t='Двигайтесь по шагам' desc=''
12:55:11.517	I	YA11Y	node d=14 vid=ru.yandex.yandexnavi:id/right_tappable_area cls=android.widget.Button t='' desc='Вперёд'
12:55:11.531	I	YA11Y	node d=15 vid=ru.yandex.yandexnavi:id/image_maneuverballoon_maneuver cls=android.widget.ImageView t='' desc='Поверните налево'
12:55:11.533	I	YA11Y	node d=15 vid=ru.yandex.yandexnavi:id/text_maneuverballoon_distance cls=android.widget.TextView t='40' desc=''
12:55:11.535	I	YA11Y	node d=15 vid=ru.yandex.yandexnavi:id/text_maneuverballoon_metrics cls=android.widget.TextView t='м' desc=''
12:55:11.540	I	YA11Y	node d=13 vid=ru.yandex.yandexnavi:id/overviewicon cls=android.widget.ImageView t='' desc='Выбрать путь'
12:55:11.548	I	YA11Y	node d=14 vid=ru.yandex.yandexnavi:id/textview_eta_distance cls=android.widget.TextView t='730 м' desc='Осталось 730 м'
12:55:11.550	I	YA11Y	node d=14 vid=ru.yandex.yandexnavi:id/textview_eta_arrival cls=android.widget.TextView t='12:58' desc='Время прибытия 12:58'
12:55:11.552	I	YA11Y	node d=14 vid=ru.yandex.yandexnavi:id/textview_eta_time cls=android.widget.TextView t='3 мин' desc='Осталось 3 мин'
12:55:11.556	I	YA11Y	node d=13 vid=ru.yandex.yandexnavi:id/resetroutebutton2 cls=android.widget.ImageView t='' desc='Закрыть'
12:55:11.559	I	YA11Y	node d=12 vid= cls=android.widget.TextView t='Продолжить по GPS' desc=''
12:55:11.565	I	YA11Y	node d=13 vid=ru.yandex.yandexnavi:id/control_position_combined_compass cls=android.widget.FrameLayout t='' desc='Компас'
12:55:11.577	I	YA11Y	node d=13 vid=ru.yandex.yandexnavi:id/control_position_combined_find_me cls=android.widget.FrameLayout t='' desc='Кнопка местоположения'
12:55:11.585	I	YA11Y	pkg=ru.yandex.yandexnavi m=LEFT d=40m road='' eta=180s balloon=true
12:55:12.091	I	YA11Y	pkg=ru.yandex.yandexnavi m=LEFT d=40m road='' eta=180s balloon=true
12:55:12.630	I	YA11Y	pkg=ru.yandex.yandexnavi m=LEFT d=40m road='' eta=180s balloon=true
12:55:13.203	I	YA11Y	pkg=ru.yandex.yandexnavi m=LEFT d=40m road='' eta=180s balloon=true
12:55:13.763	I	YA11Y	pkg=ru.yandex.yandexnavi m=LEFT d=40m road='' eta=180s balloon=true
12:55:14.416	I	YA11Y	pkg=ru.yandex.yandexnavi m=LEFT d=40m road='' eta=180s balloon=true
12:55:14.866	I	YA11Y	pkg=ru.yandex.yandexnavi m=LEFT d=40m road='' eta=180s balloon=true
12:55:15.559	I	YA11Y	pkg=ru.yandex.yandexnavi m=LEFT d=40m road='' eta=180s balloon=true
12:55:16.088	I	YA11Y	pkg=ru.yandex.yandexnavi m=LEFT d=40m road='' eta=180s balloon=true
12:55:16.596	I	YA11Y	node d=7 vid=ru.yandex.yandexnavi:id/activity_search_map_view cls=android.widget.RelativeLayout t='' desc='Карта'
12:55:16.597	I	YA11Y	node d=11 vid=ru.yandex.yandexnavi:id/top_notification_title cls=android.widget.TextView t='Сигнал GPS стабилен' desc=''
12:55:16.602	I	YA11Y	node d=14 vid=ru.yandex.yandexnavi:id/left_tappable_area cls=android.widget.Button t='' desc='Назад'
12:55:16.604	I	YA11Y	node d=14 vid=ru.yandex.yandexnavi:id/dialog_widget_title cls=android.widget.TextView t='Двигайтесь по шагам' desc=''
12:55:16.606	I	YA11Y	node d=14 vid=ru.yandex.yandexnavi:id/right_tappable_area cls=android.widget.Button t='' desc='Вперёд'
12:55:16.609	I	YA11Y	node d=15 vid=ru.yandex.yandexnavi:id/image_maneuverballoon_maneuver cls=android.widget.ImageView t='' desc='Поверните налево'
12:55:16.624	I	YA11Y	node d=15 vid=ru.yandex.yandexnavi:id/text_maneuverballoon_distance cls=android.widget.TextView t='40' desc=''
12:55:16.628	I	YA11Y	node d=15 vid=ru.yandex.yandexnavi:id/text_maneuverballoon_metrics cls=android.widget.TextView t='м' desc=''
12:55:16.631	I	YA11Y	node d=13 vid=ru.yandex.yandexnavi:id/overviewicon cls=android.widget.ImageView t='' desc='Выбрать путь'
12:55:16.637	I	YA11Y	node d=14 vid=ru.yandex.yandexnavi:id/textview_eta_distance cls=android.widget.TextView t='730 м' desc='Осталось 730 м'
12:55:16.644	I	YA11Y	node d=14 vid=ru.yandex.yandexnavi:id/textview_eta_arrival cls=android.widget.TextView t='12:58' desc='Время прибытия 12:58'
12:55:16.650	I	YA11Y	node d=14 vid=ru.yandex.yandexnavi:id/textview_eta_time cls=android.widget.TextView t='3 мин' desc='Осталось 3 мин'
12:55:16.655	I	YA11Y	node d=13 vid=ru.yandex.yandexnavi:id/resetroutebutton2 cls=android.widget.ImageView t='' desc='Закрыть'
12:55:16.660	I	YA11Y	node d=12 vid= cls=android.widget.TextView t='Продолжить по GPS' desc=''
12:55:16.663	I	YA11Y	node d=13 vid=ru.yandex.yandexnavi:id/control_position_combined_compass cls=android.widget.FrameLayout t='' desc='Компас'
12:55:16.673	I	YA11Y	node d=13 vid=ru.yandex.yandexnavi:id/control_position_combined_find_me cls=android.widget.FrameLayout t='' desc='Кнопка местоположения'
12:55:16.677	I	YA11Y	pkg=ru.yandex.yandexnavi m=LEFT d=40m road='' eta=180s balloon=true
12:55:17.360	I	YA11Y	pkg=ru.yandex.yandexnavi m=LEFT d=40m road='' eta=180s balloon=true
12:55:17.410	I	LOOP	tick #220 rc=0 m=2(v33) tag=f28 pk d=40
12:55:17.716	I	YA11Y	pkg=ru.yandex.yandexnavi m=LEFT d=40m road='' eta=180s balloon=true
12:55:18.301	I	YA11Y	pkg=ru.yandex.yandexnavi m=LEFT d=40m road='' eta=180s balloon=true
12:55:18.833	I	YA11Y	pkg=ru.yandex.yandexnavi m=LEFT d=40m road='' eta=180s balloon=true
12:55:19.406	I	YA11Y	pkg=ru.yandex.yandexnavi m=LEFT d=40m road='' eta=180s balloon=true
12:55:20.161	I	YA11Y	pkg=ru.yandex.yandexnavi m=LEFT d=40m road='' eta=180s balloon=true
12:55:20.520	I	YA11Y	pkg=ru.yandex.yandexnavi m=LEFT d=40m road='' eta=180s balloon=true
12:55:21.124	I	YA11Y	pkg=ru.yandex.yandexnavi m=LEFT d=40m road='' eta=180s balloon=true
12:55:21.684	I	YA11Y	node d=7 vid=ru.yandex.yandexnavi:id/activity_search_map_view cls=android.widget.RelativeLayout t='' desc='Карта'
12:55:21.694	I	YA11Y	node d=11 vid=ru.yandex.yandexnavi:id/top_notification_title cls=android.widget.TextView t='Сигнал GPS стабилен' desc=''
12:55:21.699	I	YA11Y	node d=14 vid=ru.yandex.yandexnavi:id/left_tappable_area cls=android.widget.Button t='' desc='Назад'
12:55:21.701	I	YA11Y	node d=14 vid=ru.yandex.yandexnavi:id/dialog_widget_title cls=android.widget.TextView t='Двигайтесь по шагам' desc=''
12:55:21.703	I	YA11Y	node d=14 vid=ru.yandex.yandexnavi:id/right_tappable_area cls=android.widget.Button t='' desc='Вперёд'
12:55:21.705	I	YA11Y	node d=15 vid=ru.yandex.yandexnavi:id/image_maneuverballoon_maneuver cls=android.widget.ImageView t='' desc='Поверните налево'
12:55:21.706	I	YA11Y	node d=15 vid=ru.yandex.yandexnavi:id/text_maneuverballoon_distance cls=android.widget.TextView t='40' desc=''
12:55:21.711	I	YA11Y	node d=15 vid=ru.yandex.yandexnavi:id/text_maneuverballoon_metrics cls=android.widget.TextView t='м' desc=''
12:55:21.721	I	YA11Y	node d=13 vid=ru.yandex.yandexnavi:id/overviewicon cls=android.widget.ImageView t='' desc='Выбрать путь'
12:55:21.724	I	YA11Y	node d=14 vid=ru.yandex.yandexnavi:id/textview_eta_distance cls=android.widget.TextView t='730 м' desc='Осталось 730 м'
12:55:21.727	I	YA11Y	node d=14 vid=ru.yandex.yandexnavi:id/textview_eta_arrival cls=android.widget.TextView t='12:58' desc='Время прибытия 12:58'
12:55:21.734	I	YA11Y	node d=14 vid=ru.yandex.yandexnavi:id/textview_eta_time cls=android.widget.TextView t='3 мин' desc='Осталось 3 мин'
12:55:21.738	I	YA11Y	node d=13 vid=ru.yandex.yandexnavi:id/resetroutebutton2 cls=android.widget.ImageView t='' desc='Закрыть'
12:55:21.740	I	YA11Y	node d=12 vid= cls=android.widget.TextView t='Продолжить по GPS' desc=''
12:55:21.744	I	YA11Y	node d=13 vid=ru.yandex.yandexnavi:id/control_position_combined_compass cls=android.widget.FrameLayout t='' desc='Компас'
12:55:21.751	I	YA11Y	node d=13 vid=ru.yandex.yandexnavi:id/control_position_combined_find_me cls=android.widget.FrameLayout t='' desc='Кнопка местоположения'
12:55:21.757	I	YA11Y	pkg=ru.yandex.yandexnavi m=LEFT d=40m road='' eta=180s balloon=true
12:55:22.235	I	YA11Y	pkg=ru.yandex.yandexnavi m=LEFT d=40m road='' eta=180s balloon=true
12:55:22.774	I	YA11Y	pkg=ru.yandex.yandexnavi m=LEFT d=40m road='' eta=180s balloon=true
12:55:23.602	I	YA11Y	pkg=ru.yandex.yandexnavi m=LEFT d=40m road='' eta=180s balloon=true
12:55:23.916	I	YA11Y	pkg=ru.yandex.yandexnavi m=LEFT d=40m road='' eta=180s balloon=true
12:55:24.496	I	YA11Y	pkg=ru.yandex.yandexnavi m=LEFT d=40m road='' eta=180s balloon=true
12:55:25.158	I	YA11Y	pkg=ru.yandex.yandexnavi m=LEFT d=250m road='Читинская улица' eta=180s balloon=true
12:55:25.604	I	YA11Y	pkg=ru.yandex.yandexnavi m=LEFT d=250m road='Читинская улица' eta=180s balloon=true
12:55:26.346	I	YA11Y	pkg=ru.yandex.yandexnavi m=LEFT d=250m road='Читинская улица' eta=180s balloon=true
12:55:26.795	I	YA11Y	node d=7 vid=ru.yandex.yandexnavi:id/activity_search_map_view cls=android.widget.RelativeLayout t='' desc='Карта'
12:55:26.799	I	YA11Y	node d=11 vid=ru.yandex.yandexnavi:id/top_notification_title cls=android.widget.TextView t='Сигнал GPS стабилен' desc=''
12:55:26.800	I	YA11Y	node d=14 vid=ru.yandex.yandexnavi:id/left_tappable_area cls=android.widget.Button t='' desc='Назад'
12:55:26.802	I	YA11Y	node d=14 vid=ru.yandex.yandexnavi:id/dialog_widget_title cls=android.widget.TextView t='Двигайтесь по шагам' desc=''
12:55:26.805	I	YA11Y	node d=14 vid=ru.yandex.yandexnavi:id/right_tappable_area cls=android.widget.Button t='' desc='Вперёд'
12:55:26.815	I	YA11Y	node d=15 vid=ru.yandex.yandexnavi:id/image_maneuverballoon_maneuver cls=android.widget.ImageView t='' desc='Поверните налево'
12:55:26.822	I	YA11Y	node d=15 vid=ru.yandex.yandexnavi:id/text_maneuverballoon_distance cls=android.widget.TextView t='250' desc=''
12:55:26.828	I	YA11Y	node d=15 vid=ru.yandex.yandexnavi:id/text_maneuverballoon_metrics cls=android.widget.TextView t='м' desc=''
12:55:26.831	I	YA11Y	node d=15 vid=ru.yandex.yandexnavi:id/text_nextstreet cls=android.widget.TextView t='Читинская улица' desc=''
12:55:26.833	I	YA11Y	node d=13 vid=ru.yandex.yandexnavi:id/overviewicon cls=android.widget.ImageView t='' desc='Выбрать путь'
12:55:26.837	I	YA11Y	node d=14 vid=ru.yandex.yandexnavi:id/textview_eta_distance cls=android.widget.TextView t='690 м' desc='Осталось 690 м'
12:55:26.873	I	YA11Y	node d=14 vid=ru.yandex.yandexnavi:id/textview_eta_arrival cls=android.widget.TextView t='12:58' desc='Время прибытия 12:58'
12:55:26.885	I	YA11Y	node d=14 vid=ru.yandex.yandexnavi:id/textview_eta_time cls=android.widget.TextView t='3 мин' desc='Осталось 3 мин'
12:55:26.902	I	YA11Y	node d=13 vid=ru.yandex.yandexnavi:id/resetroutebutton2 cls=android.widget.ImageView t='' desc='Закрыть'
12:55:26.922	I	YA11Y	node d=12 vid= cls=android.widget.TextView t='Продолжить по GPS' desc=''
12:55:26.930	I	YA11Y	node d=13 vid=ru.yandex.yandexnavi:id/control_position_combined_compass cls=android.widget.FrameLayout t='' desc='Компас'
12:55:26.956	I	YA11Y	node d=13 vid=ru.yandex.yandexnavi:id/control_position_combined_find_me cls=android.widget.FrameLayout t='' desc='Кнопка местоположения'
12:55:26.959	I	YA11Y	pkg=ru.yandex.yandexnavi m=LEFT d=250m road='Читинская улица' eta=180s balloon=true
12:55:27.323	I	YA11Y	pkg=ru.yandex.yandexnavi m=RIGHT d=250m road='' eta=120s balloon=true
12:55:27.602	I	LOOP	tick #230 rc=0 m=3(v33) tag=f28 pk d=250
12:55:27.890	I	YA11Y	pkg=ru.yandex.yandexnavi m=RIGHT d=250m road='' eta=120s balloon=true
12:55:28.478	I	YA11Y	pkg=ru.yandex.yandexnavi m=RIGHT d=250m road='' eta=120s balloon=true
12:55:29.064	I	YA11Y	pkg=ru.yandex.yandexnavi m=RIGHT d=250m road='' eta=120s balloon=true
12:55:29.749	I	YA11Y	pkg=ru.yandex.yandexnavi m=RIGHT d=250m road='' eta=120s balloon=true
12:55:30.220	I	YA11Y	pkg=ru.yandex.yandexnavi m=RIGHT d=250m road='' eta=120s balloon=true
12:55:30.880	I	YA11Y	pkg=ru.yandex.yandexnavi m=RIGHT d=250m road='' eta=120s balloon=true
12:55:31.750	I	YA11Y	pkg=ru.yandex.yandexnavi m=RIGHT d=250m road='' eta=120s balloon=true
12:55:31.961	I	YA11Y	node d=7 vid=ru.yandex.yandexnavi:id/activity_search_map_view cls=android.widget.RelativeLayout t='' desc='Карта'
12:55:32.001	I	YA11Y	node d=11 vid=ru.yandex.yandexnavi:id/top_notification_title cls=android.widget.TextView t='Сигнал GPS стабилен' desc=''
12:55:32.005	I	YA11Y	node d=14 vid=ru.yandex.yandexnavi:id/left_tappable_area cls=android.widget.Button t='' desc='Назад'
12:55:32.014	I	YA11Y	node d=14 vid=ru.yandex.yandexnavi:id/dialog_widget_title cls=android.widget.TextView t='Двигайтесь по шагам' desc=''
12:55:32.039	I	YA11Y	node d=14 vid=ru.yandex.yandexnavi:id/right_tappable_area cls=android.widget.Button t='' desc='Вперёд'
12:55:32.045	I	YA11Y	node d=15 vid=ru.yandex.yandexnavi:id/image_maneuverballoon_maneuver cls=android.widget.ImageView t='' desc='Круто поверните направо'
12:55:32.050	I	YA11Y	node d=15 vid=ru.yandex.yandexnavi:id/text_maneuverballoon_distance cls=android.widget.TextView t='250' desc=''
12:55:32.060	I	YA11Y	node d=15 vid=ru.yandex.yandexnavi:id/text_maneuverballoon_metrics cls=android.widget.TextView t='м' desc=''
12:55:32.074	I	YA11Y	node d=13 vid=ru.yandex.yandexnavi:id/overviewicon cls=android.widget.ImageView t='' desc='Выбрать путь'
12:55:32.077	I	YA11Y	node d=14 vid=ru.yandex.yandexnavi:id/textview_eta_distance cls=android.widget.TextView t='450 м' desc='Осталось 450 м'
12:55:32.080	I	YA11Y	node d=14 vid=ru.yandex.yandexnavi:id/textview_eta_arrival cls=android.widget.TextView t='12:57' desc='Время прибытия 12:57'
12:55:32.082	I	YA11Y	node d=14 vid=ru.yandex.yandexnavi:id/textview_eta_time cls=android.widget.TextView t='2 мин' desc='Осталось 2 мин'
12:55:32.110	I	YA11Y	node d=13 vid=ru.yandex.yandexnavi:id/resetroutebutton2 cls=android.widget.ImageView t='' desc='Закрыть'
12:55:32.113	I	YA11Y	node d=12 vid= cls=android.widget.TextView t='Продолжить по GPS' desc=''
12:55:32.114	I	YA11Y	node d=13 vid=ru.yandex.yandexnavi:id/control_position_combined_compass cls=android.widget.FrameLayout t='' desc='Компас'
12:55:32.117	I	YA11Y	node d=13 vid=ru.yandex.yandexnavi:id/control_position_combined_find_me cls=android.widget.FrameLayout t='' desc='Кнопка местоположения'
12:55:32.144	I	YA11Y	pkg=ru.yandex.yandexnavi m=RIGHT d=250m road='' eta=120s balloon=true
12:55:32.435	I	YA11Y	pkg=ru.yandex.yandexnavi m=RIGHT d=250m road='' eta=120s balloon=true
12:55:33.158	I	YA11Y	pkg=ru.yandex.yandexnavi m=RIGHT d=250m road='' eta=120s balloon=true
12:55:33.551	I	YA11Y	pkg=ru.yandex.yandexnavi m=RIGHT d=250m road='' eta=120s balloon=true
12:55:34.136	I	YA11Y	pkg=ru.yandex.yandexnavi m=RIGHT d=250m road='' eta=120s balloon=true
12:55:37.797	I	LOOP	tick #240 rc=0 m=3(v33) tag=f28 pk d=250
12:55:40.519	I	YA11Y	node d=7 vid=ru.yandex.yandexnavi:id/activity_search_map_view cls=android.widget.RelativeLayout t='' desc='Карта'
12:55:40.526	I	YA11Y	node d=11 vid=ru.yandex.yandexnavi:id/top_notification_title cls=android.widget.TextView t='Можно повысить точность геолокации' desc=''
12:55:40.532	I	YA11Y	node d=10 vid=ru.yandex.yandexnavi:id/top_notification_description cls=android.widget.TextView t='Выключите ограничение запросов Wi-Fi' desc=''
12:55:40.545	I	YA11Y	node d=10 vid=ru.yandex.yandexnavi:id/control_traffic cls=android.widget.Button t='' desc='Пробки недоступны'
12:55:40.550	I	YA11Y	node d=10 vid=ru.yandex.yandexnavi:id/control_carparks cls=android.widget.FrameLayout t='' desc='Парковки скрыты'
12:55:40.552	I	YA11Y	node d=11 vid=ru.yandex.yandexnavi:id/control_ruler_text cls=android.widget.TextView t='170 м' desc=''
12:55:40.570	I	YA11Y	node d=12 vid=ru.yandex.yandexnavi:id/control_zoom_in_touch_zone cls=android.widget.Button t='' desc='Приблизить'
12:55:40.579	I	YA11Y	node d=12 vid=ru.yandex.yandexnavi:id/control_zoom_out_touch_zone cls=android.widget.Button t='' desc='Отдалить'
12:55:40.582	I	YA11Y	node d=12 vid=ru.yandex.yandexnavi:id/control_position_combined_find_me cls=android.widget.FrameLayout t='' desc='Кнопка местоположения'
12:55:40.585	I	YA11Y	node d=21 vid=ru.yandex.yandexnavi:id/overviewicon cls=android.widget.ImageView t='' desc='Выбрать путь'
12:55:40.590	I	YA11Y	node d=22 vid=ru.yandex.yandexnavi:id/textview_eta_distance cls=android.widget.TextView t='1,3 км' desc='Осталось 1,3 км'
12:55:40.596	I	YA11Y	node d=22 vid=ru.yandex.yandexnavi:id/textview_eta_arrival cls=android.widget.TextView t='13:00' desc='Время прибытия 13:00'
12:55:40.598	I	YA11Y	node d=22 vid=ru.yandex.yandexnavi:id/textview_eta_time cls=android.widget.TextView t='5 мин' desc='Осталось 5 мин'
12:55:40.599	I	YA11Y	node d=21 vid=ru.yandex.yandexnavi:id/resetroutebutton2 cls=android.widget.ImageView t='' desc='Закрыть'
12:55:40.600	I	YA11Y	node d=19 vid=ru.yandex.yandexnavi:id/status_panel_text cls=android.widget.TextView t='ул. Адмирала Юмашева' desc=''
12:55:40.604	I	YA11Y	node d=18 vid=ru.yandex.yandexnavi:id/text_speed_value cls=android.widget.TextView t='0' desc='Скорость 0'
12:55:40.606	I	YA11Y	node d=18 vid=ru.yandex.yandexnavi:id/text_speedlimit cls=android.widget.TextView t='20' desc='Ограничение 20'
12:55:44.655	I	YA11Y	pkg=ru.yandex.yandexnavi m=RIGHT d=10m road='улица Адмирала Юмашева' eta=300s balloon=true
12:55:45.092	I	YA11Y	pkg=ru.yandex.yandexnavi m=RIGHT d=10m road='улица Адмирала Юмашева' eta=300s balloon=true
12:55:45.773	I	YA11Y	node d=7 vid=ru.yandex.yandexnavi:id/activity_search_map_view cls=android.widget.RelativeLayout t='' desc='Карта'
12:55:45.783	I	YA11Y	node d=11 vid=ru.yandex.yandexnavi:id/top_notification_title cls=android.widget.TextView t='Сигнал GPS стабилен' desc=''
12:55:45.786	I	YA11Y	node d=14 vid=ru.yandex.yandexnavi:id/left_tappable_area cls=android.widget.Button t='' desc='Назад'
12:55:45.792	I	YA11Y	node d=14 vid=ru.yandex.yandexnavi:id/dialog_widget_title cls=android.widget.TextView t='Двигайтесь по шагам' desc=''
12:55:45.797	I	YA11Y	node d=14 vid=ru.yandex.yandexnavi:id/right_tappable_area cls=android.widget.Button t='' desc='Вперёд'
12:55:45.799	I	YA11Y	node d=15 vid=ru.yandex.yandexnavi:id/image_maneuverballoon_maneuver cls=android.widget.ImageView t='' desc='Поверните направо'
12:55:45.802	I	YA11Y	node d=15 vid=ru.yandex.yandexnavi:id/text_maneuverballoon_distance cls=android.widget.TextView t='10' desc=''
12:55:45.806	I	YA11Y	node d=15 vid=ru.yandex.yandexnavi:id/text_maneuverballoon_metrics cls=android.widget.TextView t='м' desc=''
12:55:45.809	I	YA11Y	node d=15 vid=ru.yandex.yandexnavi:id/text_nextstreet cls=android.widget.TextView t='улица Адмирала Юмашева' desc=''
12:55:45.813	I	YA11Y	node d=13 vid=ru.yandex.yandexnavi:id/overviewicon cls=android.widget.ImageView t='' desc='Выбрать путь'
12:55:45.816	I	YA11Y	node d=14 vid=ru.yandex.yandexnavi:id/textview_eta_distance cls=android.widget.TextView t='1,3 км' desc='Осталось 1,3 км'
12:55:45.819	I	YA11Y	node d=14 vid=ru.yandex.yandexnavi:id/textview_eta_arrival cls=android.widget.TextView t='13:00' desc='Время прибытия 13:00'
12:55:45.822	I	YA11Y	node d=14 vid=ru.yandex.yandexnavi:id/textview_eta_time cls=android.widget.TextView t='5 мин' desc='Осталось 5 мин'
12:55:45.824	I	YA11Y	node d=13 vid=ru.yandex.yandexnavi:id/resetroutebutton2 cls=android.widget.ImageView t='' desc='Закрыть'
12:55:45.826	I	YA11Y	node d=12 vid= cls=android.widget.TextView t='Продолжить по GPS' desc=''
12:55:45.828	I	YA11Y	node d=13 vid=ru.yandex.yandexnavi:id/control_position_combined_compass cls=android.widget.FrameLayout t='' desc='Компас'
12:55:45.830	I	YA11Y	node d=13 vid=ru.yandex.yandexnavi:id/control_position_combined_find_me cls=android.widget.FrameLayout t='' desc='Кнопка местоположения'
12:55:45.833	I	YA11Y	pkg=ru.yandex.yandexnavi m=RIGHT d=10m road='улица Адмирала Юмашева' eta=300s balloon=true
12:55:45.877	I	YA11Y	pkg=ru.yandex.yandexnavi m=RIGHT d=10m road='улица Адмирала Юмашева' eta=300s balloon=true
12:55:46.530	I	YA11Y	pkg=ru.yandex.yandexnavi m=RIGHT d=10m road='улица Адмирала Юмашева' eta=300s balloon=true
12:55:47.398	I	YA11Y	pkg=ru.yandex.yandexnavi m=RIGHT d=10m road='улица Адмирала Юмашева' eta=300s balloon=true
12:55:47.552	I	YA11Y	pkg=ru.yandex.yandexnavi m=RIGHT d=10m road='улица Адмирала Юмашева' eta=300s balloon=true
12:55:48.059	I	LOOP	tick #250 rc=0 m=3(v33) tag=f28 pk d=10
12:55:48.124	I	YA11Y	pkg=ru.yandex.yandexnavi m=LEFT d=100m road='проспект Октябрьской Революции' eta=300s balloon=true
12:55:48.662	I	YA11Y	pkg=ru.yandex.yandexnavi m=LEFT d=100m road='проспект Октябрьской Революции' eta=300s balloon=true
12:55:49.766	I	YA11Y	pkg=ru.yandex.yandexnavi m=LEFT d=100m road='проспект Октябрьской Революции' eta=300s balloon=true
12:55:49.812	I	YA11Y	pkg=ru.yandex.yandexnavi m=LEFT d=100m road='проспект Октябрьской Революции' eta=300s balloon=true
12:55:50.645	I	YA11Y	pkg=ru.yandex.yandexnavi m=LEFT d=100m road='проспект Октябрьской Революции' eta=300s balloon=true
12:55:51.033	I	YA11Y	node d=7 vid=ru.yandex.yandexnavi:id/activity_search_map_view cls=android.widget.RelativeLayout t='' desc='Карта'
12:55:51.062	I	YA11Y	node d=11 vid=ru.yandex.yandexnavi:id/top_notification_title cls=android.widget.TextView t='Сигнал GPS стабилен' desc=''
12:55:51.069	I	YA11Y	node d=14 vid=ru.yandex.yandexnavi:id/left_tappable_area cls=android.widget.Button t='' desc='Назад'
12:55:51.075	I	YA11Y	node d=14 vid=ru.yandex.yandexnavi:id/dialog_widget_title cls=android.widget.TextView t='Двигайтесь по шагам' desc=''
12:55:51.087	I	YA11Y	node d=14 vid=ru.yandex.yandexnavi:id/right_tappable_area cls=android.widget.Button t='' desc='Вперёд'
12:55:51.107	I	YA11Y	node d=15 vid=ru.yandex.yandexnavi:id/image_maneuverballoon_maneuver cls=android.widget.ImageView t='' desc='Поверните налево'
12:55:51.121	I	YA11Y	node d=15 vid=ru.yandex.yandexnavi:id/text_maneuverballoon_distance cls=android.widget.TextView t='100' desc=''
12:55:51.151	I	YA11Y	node d=15 vid=ru.yandex.yandexnavi:id/text_maneuverballoon_metrics cls=android.widget.TextView t='м' desc=''
12:55:51.156	I	YA11Y	node d=15 vid=ru.yandex.yandexnavi:id/text_nextstreet cls=android.widget.TextView t='проспект Октябрьской Революции' desc=''
12:55:51.159	I	YA11Y	node d=13 vid=ru.yandex.yandexnavi:id/overviewicon cls=android.widget.ImageView t='' desc='Выбрать путь'
12:55:51.163	I	YA11Y	node d=14 vid=ru.yandex.yandexnavi:id/textview_eta_distance cls=android.widget.TextView t='1,3 км' desc='Осталось 1,3 км'
12:55:51.170	I	YA11Y	node d=14 vid=ru.yandex.yandexnavi:id/textview_eta_arrival cls=android.widget.TextView t='13:00' desc='Время прибытия 13:00'
12:55:51.172	I	YA11Y	node d=14 vid=ru.yandex.yandexnavi:id/textview_eta_time cls=android.widget.TextView t='5 мин' desc='Осталось 5 мин'
12:55:51.175	I	YA11Y	node d=13 vid=ru.yandex.yandexnavi:id/resetroutebutton2 cls=android.widget.ImageView t='' desc='Закрыть'
12:55:51.178	I	YA11Y	node d=12 vid= cls=android.widget.TextView t='Продолжить по GPS' desc=''
12:55:51.191	I	YA11Y	node d=13 vid=ru.yandex.yandexnavi:id/control_position_combined_compass cls=android.widget.FrameLayout t='' desc='Компас'
12:55:51.195	I	YA11Y	node d=13 vid=ru.yandex.yandexnavi:id/control_position_combined_find_me cls=android.widget.FrameLayout t='' desc='Кнопка местоположения'
12:55:51.199	I	YA11Y	pkg=ru.yandex.yandexnavi m=LEFT d=100m road='проспект Октябрьской Революции' eta=300s balloon=true
12:55:51.541	I	YA11Y	pkg=ru.yandex.yandexnavi m=LEFT d=100m road='проспект Октябрьской Революции' eta=300s balloon=true
12:55:52.051	I	YA11Y	pkg=ru.yandex.yandexnavi m=LEFT d=100m road='проспект Октябрьской Революции' eta=300s balloon=true
12:55:52.643	I	YA11Y	pkg=ru.yandex.yandexnavi m=RIGHT d=150m road='' eta=300s balloon=true
12:55:53.266	I	YA11Y	pkg=ru.yandex.yandexnavi m=RIGHT d=150m road='' eta=300s balloon=true
12:55:53.732	I	YA11Y	pkg=ru.yandex.yandexnavi m=RIGHT d=150m road='' eta=300s balloon=true
12:55:55.885	I	UI	enum mode = GAODE
12:55:58.377	I	LOOP	tick #260 rc=0 m=2(GAODE) tag=f28 pk d=150
12:55:59.137	I	YandexNotif	posted icon=notifications_app_logo m=0(NONE) d=0m road='Навигатор запущен' eta=0s maps=false
12:55:59.403	I	YA11Y	node d=7 vid=ru.yandex.yandexnavi:id/activity_search_map_view cls=android.widget.RelativeLayout t='' desc='Карта'
12:55:59.408	I	YA11Y	node d=11 vid=ru.yandex.yandexnavi:id/top_notification_title cls=android.widget.TextView t='Сигнал GPS стабилен' desc=''
12:55:59.411	I	YA11Y	node d=14 vid=ru.yandex.yandexnavi:id/left_tappable_area cls=android.widget.Button t='' desc='Назад'
12:55:59.414	I	YA11Y	node d=14 vid=ru.yandex.yandexnavi:id/dialog_widget_title cls=android.widget.TextView t='Двигайтесь по шагам' desc=''
12:55:59.425	I	YA11Y	node d=14 vid=ru.yandex.yandexnavi:id/right_tappable_area cls=android.widget.Button t='' desc='Вперёд'
12:55:59.427	I	YA11Y	node d=15 vid=ru.yandex.yandexnavi:id/image_maneuverballoon_maneuver cls=android.widget.ImageView t='' desc='Поверните направо'
12:55:59.434	I	YA11Y	node d=15 vid=ru.yandex.yandexnavi:id/text_maneuverballoon_distance cls=android.widget.TextView t='150' desc=''
12:55:59.437	I	YA11Y	node d=15 vid=ru.yandex.yandexnavi:id/text_maneuverballoon_metrics cls=android.widget.TextView t='м' desc=''
12:55:59.448	I	YA11Y	node d=13 vid=ru.yandex.yandexnavi:id/overviewicon cls=android.widget.ImageView t='' desc='Выбрать путь'
12:55:59.452	I	YA11Y	node d=14 vid=ru.yandex.yandexnavi:id/textview_eta_distance cls=android.widget.TextView t='1,2 км' desc='Осталось 1,2 км'
12:55:59.455	I	YA11Y	node d=14 vid=ru.yandex.yandexnavi:id/textview_eta_arrival cls=android.widget.TextView t='13:00' desc='Время прибытия 13:00'
12:55:59.462	I	YA11Y	node d=14 vid=ru.yandex.yandexnavi:id/textview_eta_time cls=android.widget.TextView t='5 мин' desc='Осталось 5 мин'
12:55:59.464	I	YA11Y	node d=13 vid=ru.yandex.yandexnavi:id/resetroutebutton2 cls=android.widget.ImageView t='' desc='Закрыть'
12:55:59.466	I	YA11Y	node d=12 vid= cls=android.widget.TextView t='Продолжить по GPS' desc=''
12:55:59.470	I	YA11Y	node d=13 vid=ru.yandex.yandexnavi:id/control_position_combined_compass cls=android.widget.FrameLayout t='' desc='Компас'
12:55:59.479	I	YA11Y	node d=13 vid=ru.yandex.yandexnavi:id/control_position_combined_find_me cls=android.widget.FrameLayout t='' desc='Кнопка местоположения'
12:55:59.496	I	YA11Y	pkg=ru.yandex.yandexnavi m=RIGHT d=150m road='' eta=300s balloon=true
12:55:59.981	I	YA11Y	pkg=ru.yandex.yandexnavi m=RIGHT d=150m road='' eta=300s balloon=true
12:56:00.630	I	YA11Y	pkg=ru.yandex.yandexnavi m=LEFT d=100m road='проспект Октябрьской Революции' eta=300s balloon=true
12:56:01.469	I	YA11Y	pkg=ru.yandex.yandexnavi m=LEFT d=100m road='проспект Октябрьской Революции' eta=300s balloon=true
12:56:01.748	I	YA11Y	pkg=ru.yandex.yandexnavi m=LEFT d=100m road='проспект Октябрьской Революции' eta=300s balloon=true
12:56:02.471	I	YA11Y	pkg=ru.yandex.yandexnavi m=LEFT d=100m road='проспект Октябрьской Революции' eta=300s balloon=true
12:56:02.972	I	YA11Y	pkg=ru.yandex.yandexnavi m=RIGHT d=10m road='улица Адмирала Юмашева' eta=300s balloon=true
12:56:03.539	I	YA11Y	pkg=ru.yandex.yandexnavi m=RIGHT d=10m road='улица Адмирала Юмашева' eta=300s balloon=true
12:56:04.334	I	YA11Y	pkg=ru.yandex.yandexnavi m=RIGHT d=10m road='улица Адмирала Юмашева' eta=300s balloon=true
12:56:04.691	I	YA11Y	node d=7 vid=ru.yandex.yandexnavi:id/activity_search_map_view cls=android.widget.RelativeLayout t='' desc='Карта'
12:56:04.701	I	YA11Y	node d=11 vid=ru.yandex.yandexnavi:id/top_notification_title cls=android.widget.TextView t='Сигнал GPS стабилен' desc=''
12:56:04.704	I	YA11Y	node d=14 vid=ru.yandex.yandexnavi:id/left_tappable_area cls=android.widget.Button t='' desc='Назад'
12:56:04.708	I	YA11Y	node d=14 vid=ru.yandex.yandexnavi:id/dialog_widget_title cls=android.widget.TextView t='Двигайтесь по шагам' desc=''
12:56:04.711	I	YA11Y	node d=14 vid=ru.yandex.yandexnavi:id/right_tappable_area cls=android.widget.Button t='' desc='Вперёд'
12:56:04.714	I	YA11Y	node d=15 vid=ru.yandex.yandexnavi:id/image_maneuverballoon_maneuver cls=android.widget.ImageView t='' desc='Поверните направо'
12:56:04.719	I	YA11Y	node d=15 vid=ru.yandex.yandexnavi:id/text_maneuverballoon_distance cls=android.widget.TextView t='10' desc=''
12:56:04.721	I	YA11Y	node d=15 vid=ru.yandex.yandexnavi:id/text_maneuverballoon_metrics cls=android.widget.TextView t='м' desc=''
12:56:04.723	I	YA11Y	node d=15 vid=ru.yandex.yandexnavi:id/text_nextstreet cls=android.widget.TextView t='улица Адмирала Юмашева' desc=''
12:56:04.725	I	YA11Y	node d=13 vid=ru.yandex.yandexnavi:id/overviewicon cls=android.widget.ImageView t='' desc='Выбрать путь'
12:56:04.726	I	YA11Y	node d=14 vid=ru.yandex.yandexnavi:id/textview_eta_distance cls=android.widget.TextView t='1,3 км' desc='Осталось 1,3 км'
12:56:04.728	I	YA11Y	node d=14 vid=ru.yandex.yandexnavi:id/textview_eta_arrival cls=android.widget.TextView t='13:01' desc='Время прибытия 13:01'
12:56:04.730	I	YA11Y	node d=14 vid=ru.yandex.yandexnavi:id/textview_eta_time cls=android.widget.TextView t='5 мин' desc='Осталось 5 мин'
12:56:04.732	I	YA11Y	node d=13 vid=ru.yandex.yandexnavi:id/resetroutebutton2 cls=android.widget.ImageView t='' desc='Закрыть'
12:56:04.734	I	YA11Y	node d=12 vid= cls=android.widget.TextView t='Продолжить по GPS' desc=''
12:56:04.738	I	YA11Y	node d=13 vid=ru.yandex.yandexnavi:id/control_position_combined_compass cls=android.widget.FrameLayout t='' desc='Компас'
12:56:04.742	I	YA11Y	node d=13 vid=ru.yandex.yandexnavi:id/control_position_combined_find_me cls=android.widget.FrameLayout t='' desc='Кнопка местоположения'
12:56:04.744	I	YA11Y	pkg=ru.yandex.yandexnavi m=RIGHT d=10m road='улица Адмирала Юмашева' eta=300s balloon=true
12:56:05.231	I	YA11Y	pkg=ru.yandex.yandexnavi m=RIGHT d=10m road='улица Адмирала Юмашева' eta=300s balloon=true
12:56:05.814	I	YA11Y	pkg=ru.yandex.yandexnavi m=RIGHT d=10m road='улица Адмирала Юмашева' eta=300s balloon=true
12:56:06.332	I	YA11Y	pkg=ru.yandex.yandexnavi m=RIGHT d=10m road='улица Адмирала Юмашева' eta=300s balloon=true
12:56:07.029	I	YA11Y	pkg=ru.yandex.yandexnavi m=LEFT d=100m road='проспект Октябрьской Революции' eta=300s balloon=true
12:56:07.595	I	YA11Y	pkg=ru.yandex.yandexnavi m=LEFT d=100m road='проспект Октябрьской Революции' eta=300s balloon=true
12:56:08.201	I	YA11Y	pkg=ru.yandex.yandexnavi m=LEFT d=100m road='проспект Октябрьской Революции' eta=300s balloon=true
12:56:08.642	I	LOOP	tick #270 rc=0 m=1(GAODE) tag=f28 pk d=100
12:56:08.852	I	YA11Y	pkg=ru.yandex.yandexnavi m=RIGHT d=150m road='' eta=300s balloon=true
12:56:09.738	I	YA11Y	node d=7 vid=ru.yandex.yandexnavi:id/activity_search_map_view cls=android.widget.RelativeLayout t='' desc='Карта'
12:56:09.740	I	YA11Y	node d=11 vid=ru.yandex.yandexnavi:id/top_notification_title cls=android.widget.TextView t='Сигнал GPS стабилен' desc=''
12:56:09.753	I	YA11Y	node d=14 vid=ru.yandex.yandexnavi:id/left_tappable_area cls=android.widget.Button t='' desc='Назад'
12:56:09.756	I	YA11Y	node d=14 vid=ru.yandex.yandexnavi:id/dialog_widget_title cls=android.widget.TextView t='Двигайтесь по шагам' desc=''
12:56:09.761	I	YA11Y	node d=14 vid=ru.yandex.yandexnavi:id/right_tappable_area cls=android.widget.Button t='' desc='Вперёд'
12:56:09.763	I	YA11Y	node d=15 vid=ru.yandex.yandexnavi:id/image_maneuverballoon_maneuver cls=android.widget.ImageView t='' desc='Поверните направо'
12:56:09.767	I	YA11Y	node d=15 vid=ru.yandex.yandexnavi:id/text_maneuverballoon_distance cls=android.widget.TextView t='150' desc=''
12:56:09.771	I	YA11Y	node d=15 vid=ru.yandex.yandexnavi:id/text_maneuverballoon_metrics cls=android.widget.TextView t='м' desc=''
12:56:09.775	I	YA11Y	node d=13 vid=ru.yandex.yandexnavi:id/overviewicon cls=android.widget.ImageView t='' desc='Выбрать путь'
12:56:09.779	I	YA11Y	node d=14 vid=ru.yandex.yandexnavi:id/textview_eta_distance cls=android.widget.TextView t='1,2 км' desc='Осталось 1,2 км'
12:56:09.783	I	YA11Y	node d=14 vid=ru.yandex.yandexnavi:id/textview_eta_arrival cls=android.widget.TextView t='13:00' desc='Время прибытия 13:00'
12:56:09.788	I	YA11Y	node d=14 vid=ru.yandex.yandexnavi:id/textview_eta_time cls=android.widget.TextView t='5 мин' desc='Осталось 5 мин'
12:56:09.790	I	YA11Y	node d=13 vid=ru.yandex.yandexnavi:id/resetroutebutton2 cls=android.widget.ImageView t='' desc='Закрыть'
12:56:09.793	I	YA11Y	node d=12 vid= cls=android.widget.TextView t='Продолжить по GPS' desc=''
12:56:09.795	I	YA11Y	node d=13 vid=ru.yandex.yandexnavi:id/control_position_combined_compass cls=android.widget.FrameLayout t='' desc='Компас'
12:56:09.799	I	YA11Y	node d=13 vid=ru.yandex.yandexnavi:id/control_position_combined_find_me cls=android.widget.FrameLayout t='' desc='Кнопка местоположения'
12:56:09.818	I	YA11Y	pkg=ru.yandex.yandexnavi m=RIGHT d=150m road='' eta=300s balloon=true
12:56:09.915	I	YA11Y	pkg=ru.yandex.yandexnavi m=RIGHT d=150m road='' eta=300s balloon=true
12:56:10.410	I	YA11Y	pkg=ru.yandex.yandexnavi m=RIGHT d=150m road='' eta=300s balloon=true
12:56:11.043	I	YA11Y	pkg=ru.yandex.yandexnavi m=LEFT d=100m road='проспект Октябрьской Революции' eta=300s balloon=true
12:56:11.575	I	YA11Y	pkg=ru.yandex.yandexnavi m=LEFT d=100m road='проспект Октябрьской Революции' eta=300s balloon=true
12:56:12.097	I	YA11Y	pkg=ru.yandex.yandexnavi m=LEFT d=100m road='проспект Октябрьской Революции' eta=300s balloon=true
12:56:12.730	I	YA11Y	pkg=ru.yandex.yandexnavi m=LEFT d=100m road='проспект Октябрьской Революции' eta=300s balloon=true
12:56:13.122	I	YA11Y	pkg=ru.yandex.yandexnavi m=LEFT d=100m road='проспект Октябрьской Революции' eta=300s balloon=true
12:56:13.876	I	YA11Y	pkg=ru.yandex.yandexnavi m=LEFT d=100m road='проспект Октябрьской Революции' eta=300s balloon=true
12:56:14.283	I	YA11Y	pkg=ru.yandex.yandexnavi m=LEFT d=100m road='проспект Октябрьской Революции' eta=300s balloon=true
12:56:14.866	I	YA11Y	node d=7 vid=ru.yandex.yandexnavi:id/activity_search_map_view cls=android.widget.RelativeLayout t='' desc='Карта'
12:56:14.870	I	YA11Y	node d=11 vid=ru.yandex.yandexnavi:id/top_notification_title cls=android.widget.TextView t='Сигнал GPS стабилен' desc=''
12:56:14.884	I	YA11Y	node d=14 vid=ru.yandex.yandexnavi:id/left_tappable_area cls=android.widget.Button t='' desc='Назад'
12:56:14.897	I	YA11Y	node d=14 vid=ru.yandex.yandexnavi:id/dialog_widget_title cls=android.widget.TextView t='Двигайтесь по шагам' desc=''
12:56:14.909	I	YA11Y	node d=14 vid=ru.yandex.yandexnavi:id/right_tappable_area cls=android.widget.Button t='' desc='Вперёд'
12:56:14.938	I	YA11Y	node d=15 vid=ru.yandex.yandexnavi:id/image_maneuverballoon_maneuver cls=android.widget.ImageView t='' desc='Поверните направо'
12:56:14.964	I	YA11Y	node d=15 vid=ru.yandex.yandexnavi:id/text_maneuverballoon_distance cls=android.widget.TextView t='150' desc=''
12:56:14.969	I	YA11Y	node d=15 vid=ru.yandex.yandexnavi:id/text_maneuverballoon_metrics cls=android.widget.TextView t='м' desc=''
12:56:14.992	I	YA11Y	node d=13 vid=ru.yandex.yandexnavi:id/overviewicon cls=android.widget.ImageView t='' desc='Выбрать путь'
12:56:15.001	I	YA11Y	node d=14 vid=ru.yandex.yandexnavi:id/textview_eta_distance cls=android.widget.TextView t='1,2 км' desc='Осталось 1,2 км'
12:56:15.034	I	YA11Y	node d=14 vid=ru.yandex.yandexnavi:id/textview_eta_arrival cls=android.widget.TextView t='13:00' desc='Время прибытия 13:00'
12:56:15.036	I	YA11Y	node d=14 vid=ru.yandex.yandexnavi:id/textview_eta_time cls=android.widget.TextView t='5 мин' desc='Осталось 5 мин'
12:56:15.044	I	YA11Y	node d=13 vid=ru.yandex.yandexnavi:id/resetroutebutton2 cls=android.widget.ImageView t='' desc='Закрыть'
12:56:15.112	I	YA11Y	node d=12 vid= cls=android.widget.TextView t='Продолжить по GPS' desc=''
12:56:15.144	I	YA11Y	node d=13 vid=ru.yandex.yandexnavi:id/control_position_combined_compass cls=android.widget.FrameLayout t='' desc='Компас'
12:56:15.173	I	YA11Y	node d=13 vid=ru.yandex.yandexnavi:id/control_position_combined_find_me cls=android.widget.FrameLayout t='' desc='Кнопка местоположения'
12:56:15.234	I	YA11Y	pkg=ru.yandex.yandexnavi m=RIGHT d=150m road='' eta=300s balloon=true
12:56:15.395	I	YA11Y	pkg=ru.yandex.yandexnavi m=RIGHT d=150m road='' eta=300s balloon=true
12:56:15.834	I	YA11Y	pkg=ru.yandex.yandexnavi m=RIGHT d=150m road='' eta=300s balloon=true
12:56:16.404	I	YA11Y	pkg=ru.yandex.yandexnavi m=RIGHT d=150m road='' eta=300s balloon=true
12:56:17.630	I	YA11Y	pkg=ru.yandex.yandexnavi m=RIGHT d=150m road='' eta=300s balloon=true
12:56:17.643	I	YA11Y	pkg=ru.yandex.yandexnavi m=RIGHT d=150m road='' eta=300s balloon=true
12:56:18.355	I	YA11Y	pkg=ru.yandex.yandexnavi m=RIGHT d=150m road='' eta=300s balloon=true
12:56:18.750	I	YA11Y	pkg=ru.yandex.yandexnavi m=LEFT d=100m road='проспект Октябрьской Революции' eta=300s balloon=true
12:56:18.862	I	LOOP	tick #280 rc=0 m=1(GAODE) tag=f28 pk d=100
12:56:19.425	I	YA11Y	pkg=ru.yandex.yandexnavi m=LEFT d=100m road='проспект Октябрьской Революции' eta=300s balloon=true
12:56:20.036	I	YA11Y	node d=7 vid=ru.yandex.yandexnavi:id/activity_search_map_view cls=android.widget.RelativeLayout t='' desc='Карта'
12:56:20.052	I	YA11Y	node d=11 vid=ru.yandex.yandexnavi:id/top_notification_title cls=android.widget.TextView t='Сигнал GPS стабилен' desc=''
12:56:20.068	I	YA11Y	node d=14 vid=ru.yandex.yandexnavi:id/left_tappable_area cls=android.widget.Button t='' desc='Назад'
12:56:20.084	I	YA11Y	node d=14 vid=ru.yandex.yandexnavi:id/dialog_widget_title cls=android.widget.TextView t='Двигайтесь по шагам' desc=''
12:56:20.098	I	YA11Y	node d=14 vid=ru.yandex.yandexnavi:id/right_tappable_area cls=android.widget.Button t='' desc='Вперёд'
12:56:20.108	I	YA11Y	node d=15 vid=ru.yandex.yandexnavi:id/image_maneuverballoon_maneuver cls=android.widget.ImageView t='' desc='Поверните налево'
12:56:20.116	I	YA11Y	node d=15 vid=ru.yandex.yandexnavi:id/text_maneuverballoon_distance cls=android.widget.TextView t='100' desc=''
12:56:20.125	I	YA11Y	node d=15 vid=ru.yandex.yandexnavi:id/text_maneuverballoon_metrics cls=android.widget.TextView t='м' desc=''
12:56:20.127	I	YA11Y	node d=15 vid=ru.yandex.yandexnavi:id/text_nextstreet cls=android.widget.TextView t='проспект Октябрьской Революции' desc=''
12:56:20.130	I	YA11Y	node d=13 vid=ru.yandex.yandexnavi:id/overviewicon cls=android.widget.ImageView t='' desc='Выбрать путь'
12:56:20.132	I	YA11Y	node d=14 vid=ru.yandex.yandexnavi:id/textview_eta_distance cls=android.widget.TextView t='1,3 км' desc='Осталось 1,3 км'
12:56:20.139	I	YA11Y	node d=14 vid=ru.yandex.yandexnavi:id/textview_eta_arrival cls=android.widget.TextView t='13:01' desc='Время прибытия 13:01'
12:56:20.142	I	YA11Y	node d=14 vid=ru.yandex.yandexnavi:id/textview_eta_time cls=android.widget.TextView t='5 мин' desc='Осталось 5 мин'
12:56:20.146	I	YA11Y	node d=13 vid=ru.yandex.yandexnavi:id/resetroutebutton2 cls=android.widget.ImageView t='' desc='Закрыть'
12:56:20.148	I	YA11Y	node d=12 vid= cls=android.widget.TextView t='Продолжить по GPS' desc=''
12:56:20.151	I	YA11Y	node d=13 vid=ru.yandex.yandexnavi:id/control_position_combined_compass cls=android.widget.FrameLayout t='' desc='Компас'
12:56:20.154	I	YA11Y	node d=13 vid=ru.yandex.yandexnavi:id/control_position_combined_find_me cls=android.widget.FrameLayout t='' desc='Кнопка местоположения'
12:56:20.175	I	YA11Y	pkg=ru.yandex.yandexnavi m=LEFT d=100m road='проспект Октябрьской Революции' eta=300s balloon=true
12:56:21.078	I	YA11Y	pkg=ru.yandex.yandexnavi m=RIGHT d=10m road='улица Адмирала Юмашева' eta=300s balloon=true
12:56:21.217	I	YA11Y	pkg=ru.yandex.yandexnavi m=RIGHT d=10m road='улица Адмирала Юмашева' eta=300s balloon=true
12:56:21.742	I	YA11Y	pkg=ru.yandex.yandexnavi m=RIGHT d=10m road='улица Адмирала Юмашева' eta=300s balloon=true
12:56:22.253	I	YA11Y	pkg=ru.yandex.yandexnavi m=RIGHT d=10m road='улица Адмирала Юмашева' eta=300s balloon=true
12:56:22.792	I	YA11Y	pkg=ru.yandex.yandexnavi m=RIGHT d=10m road='улица Адмирала Юмашева' eta=300s balloon=true
12:56:23.339	I	YA11Y	pkg=ru.yandex.yandexnavi m=RIGHT d=10m road='улица Адмирала Юмашева' eta=300s balloon=true
12:56:24.405	I	YA11Y	pkg=ru.yandex.yandexnavi m=RIGHT d=10m road='улица Адмирала Юмашева' eta=300s balloon=true
12:56:24.486	I	YA11Y	pkg=ru.yandex.yandexnavi m=RIGHT d=10m road='улица Адмирала Юмашева' eta=300s balloon=true
12:56:24.999	I	YA11Y	pkg=ru.yandex.yandexnavi m=RIGHT d=10m road='улица Адмирала Юмашева' eta=300s balloon=true
12:56:25.535	I	YA11Y	node d=7 vid=ru.yandex.yandexnavi:id/activity_search_map_view cls=android.widget.RelativeLayout t='' desc='Карта'
12:56:25.539	I	YA11Y	node d=11 vid=ru.yandex.yandexnavi:id/top_notification_title cls=android.widget.TextView t='Сигнал GPS стабилен' desc=''
12:56:25.542	I	YA11Y	node d=14 vid=ru.yandex.yandexnavi:id/left_tappable_area cls=android.widget.Button t='' desc='Назад'
12:56:25.545	I	YA11Y	node d=14 vid=ru.yandex.yandexnavi:id/dialog_widget_title cls=android.widget.TextView t='Двигайтесь по шагам' desc=''
12:56:25.556	I	YA11Y	node d=14 vid=ru.yandex.yandexnavi:id/right_tappable_area cls=android.widget.Button t='' desc='Вперёд'
12:56:25.560	I	YA11Y	node d=15 vid=ru.yandex.yandexnavi:id/image_maneuverballoon_maneuver cls=android.widget.ImageView t='' desc='Поверните направо'
12:56:25.566	I	YA11Y	node d=15 vid=ru.yandex.yandexnavi:id/text_maneuverballoon_distance cls=android.widget.TextView t='10' desc=''
12:56:25.580	I	YA11Y	node d=15 vid=ru.yandex.yandexnavi:id/text_maneuverballoon_metrics cls=android.widget.TextView t='м' desc=''
12:56:25.596	I	YA11Y	node d=15 vid=ru.yandex.yandexnavi:id/text_nextstreet cls=android.widget.TextView t='улица Адмирала Юмашева' desc=''
12:56:25.608	I	YA11Y	node d=13 vid=ru.yandex.yandexnavi:id/overviewicon cls=android.widget.ImageView t='' desc='Выбрать путь'
12:56:25.617	I	YA11Y	node d=14 vid=ru.yandex.yandexnavi:id/textview_eta_distance cls=android.widget.TextView t='1,3 км' desc='Осталось 1,3 км'
12:56:25.626	I	YA11Y	node d=14 vid=ru.yandex.yandexnavi:id/textview_eta_arrival cls=android.widget.TextView t='13:01' desc='Время прибытия 13:01'
12:56:25.629	I	YA11Y	node d=14 vid=ru.yandex.yandexnavi:id/textview_eta_time cls=android.widget.TextView t='5 мин' desc='Осталось 5 мин'
12:56:25.633	I	YA11Y	node d=13 vid=ru.yandex.yandexnavi:id/resetroutebutton2 cls=android.widget.ImageView t='' desc='Закрыть'
12:56:25.637	I	YA11Y	node d=12 vid= cls=android.widget.TextView t='Продолжить по GPS' desc=''
12:56:25.639	I	YA11Y	node d=13 vid=ru.yandex.yandexnavi:id/control_position_combined_compass cls=android.widget.FrameLayout t='' desc='Компас'
12:56:25.642	I	YA11Y	node d=13 vid=ru.yandex.yandexnavi:id/control_position_combined_find_me cls=android.widget.FrameLayout t='' desc='Кнопка местоположения'
12:56:25.644	I	YA11Y	pkg=ru.yandex.yandexnavi m=RIGHT d=10m road='улица Адмирала Юмашева' eta=300s balloon=true
12:56:26.323	I	YA11Y	pkg=ru.yandex.yandexnavi m=RIGHT d=10m road='улица Адмирала Юмашева' eta=300s balloon=true
12:56:26.708	I	YA11Y	pkg=ru.yandex.yandexnavi m=RIGHT d=10m road='улица Адмирала Юмашева' eta=300s balloon=true
12:56:27.261	I	YA11Y	pkg=ru.yandex.yandexnavi m=RIGHT d=10m road='улица Адмирала Юмашева' eta=300s balloon=true
12:56:27.762	I	YA11Y	pkg=ru.yandex.yandexnavi m=RIGHT d=10m road='улица Адмирала Юмашева' eta=300s balloon=true
12:56:28.469	I	YandexNotif	removed — debounce 3000ms
12:56:29.052	I	LOOP	tick #290 rc=0 m=2(GAODE) tag=f28 pk d=10
12:56:36.530	I	YA11Y	node d=7 vid=ru.yandex.yandexnavi:id/activity_search_map_view cls=android.widget.RelativeLayout t='' desc='Карта'
12:56:36.536	I	YA11Y	node d=11 vid=ru.yandex.yandexnavi:id/top_notification_title cls=android.widget.TextView t='Сигнал GPS стабилен' desc=''
12:56:36.546	I	YA11Y	node d=15 vid= cls=android.widget.ImageView t='' desc='Добавить дорожное событие'
12:56:36.549	I	YA11Y	node d=15 vid=ru.yandex.yandexnavi:id/control_voice_search_image cls=android.widget.ImageView t='' desc='Голосовой поиск'
12:56:36.580	I	YandexNotif	removed after debounce — deactivating HUD
12:57:22.522	I	YA11Y	node d=5 vid=com.android.launcher3:id/home_time cls=android.widget.TextView t='12:57' desc=''
12:57:22.525	I	YA11Y	node d=6 vid=com.android.launcher3:id/home_date cls=android.widget.TextView t='06/06' desc=''
12:57:22.558	I	YA11Y	node d=6 vid=com.android.launcher3:id/home_date_week cls=android.widget.TextView t='Sat' desc=''
12:57:28.027	I	YA11Y	nodes=29 first 10:
12:57:28.053	I	YA11Y	node d=7 vid= cls=android.widget.Button t='' desc='Моё местоположение на карте'
12:57:28.055	I	YA11Y	node d=14 vid= cls=android.widget.TextView t='Поехали в апельсин' desc=''
12:57:28.057	I	YA11Y	node d=14 vid= cls=android.widget.TextView t='В путь! Едем до "Апельсин" по адресу проспект Героев Сталинграда 27.' desc=''
12:57:28.059	I	YA11Y	node d=17 vid= cls=android.view.ViewGroup t='' desc='Что ты умеешь?'
12:57:28.062	I	YA11Y	node d=18 vid= cls=android.widget.TextView t='Что ты умеешь?' desc=''
12:57:28.064	I	YA11Y	node d=17 vid= cls=android.view.ViewGroup t='' desc='Включи музыку'
12:57:28.066	I	YA11Y	node d=18 vid= cls=android.widget.TextView t='Включи музыку' desc=''
12:57:28.069	I	YA11Y	node d=17 vid= cls=android.view.ViewGroup t='' desc='Что это играет?'
12:57:28.072	I	YA11Y	node d=18 vid= cls=android.widget.TextView t='Что это играет?' desc=''
12:57:28.073	I	YA11Y	node d=17 vid= cls=android.view.ViewGroup t='' desc='Игры с голосовым ассистентом'
12:57:33.098	I	YA11Y	nodes=24 first 10:
12:57:33.102	I	YA11Y	node d=10 vid=ru.yandex.yandexmaps:id/top_notification_title cls=android.widget.TextView t='Можно повысить точность геолокации' desc=''
12:57:33.121	I	YA11Y	node d=14 vid=ru.yandex.yandexmaps:id/control_profile_menu_icon cls=android.widget.ImageView t='' desc='Меню'
12:57:33.133	I	YA11Y	node d=12 vid=ru.yandex.yandexmaps:id/navi_service_controller_service_name cls=android.widget.TextView t='Навигатор' desc=''
12:57:33.135	I	YA11Y	node d=12 vid=ru.yandex.yandexmaps:id/control_traffic cls=android.widget.Button t='' desc='Пробки недоступны'
12:57:33.170	I	YA11Y	node d=12 vid=ru.yandex.yandexmaps:id/control_carparks cls=android.widget.FrameLayout t='' desc='Парковки скрыты'
12:57:33.194	I	YA11Y	node d=14 vid= cls=android.widget.ImageView t='' desc='Добавить дорожное событие'
12:57:33.223	I	YA11Y	node d=14 vid=ru.yandex.yandexmaps:id/control_voice_search_image cls=android.widget.ImageView t='' desc='Голосовой поиск'
12:57:33.227	I	YA11Y	node d=14 vid=ru.yandex.yandexmaps:id/control_zoom_in_touch_zone cls=android.widget.Button t='' desc='Увеличить масштаб'
12:57:33.236	I	YA11Y	node d=14 vid=ru.yandex.yandexmaps:id/control_zoom_out_touch_zone cls=android.widget.Button t='' desc='Уменьшить масштаб'
12:57:33.250	I	YA11Y	node d=14 vid=ru.yandex.yandexmaps:id/control_position_combined_compass cls=android.widget.FrameLayout t='' desc='Кнопка местоположения – режим «Компас»'
12:57:33.289	I	YA11Y	pkg=ru.yandex.yandexmaps m=NONE d=60m road='просп. Октябрьской Революции' eta=360s balloon=true
12:57:33.308	I	YandexNotif	posted icon=notifications_app_logo m=0(NONE) d=0m road='Навигатор запущен' eta=0s maps=true
12:57:34.848	I	YA11Y	pkg=ru.yandex.yandexmaps m=NONE d=60m road='просп. Октябрьской Революции' eta=360s balloon=true
12:57:35.390	I	YandexNotif	posted icon=notifications_app_logo m=0(NONE) d=60m road='проспект Октябрьской Революции' eta=0s maps=true
12:57:36.322	I	LOOP	tick #300 rc=0 m=2(GAODE) tag=f28 pk d=60
12:57:36.415	I	YandexNotif	posted icon=notifications_app_logo m=0(NONE) d=50m road='проспект Октябрьской Революции' eta=0s maps=true
12:57:37.076	I	YA11Y	pkg=ru.yandex.yandexmaps m=NONE d=60m road='просп. Октябрьской Революции' eta=360s balloon=true
12:57:37.396	I	YandexNotif	posted icon=notifications_app_logo m=0(NONE) d=0m road='Навигатор запущен' eta=0s maps=true
12:57:37.833	I	YA11Y	pkg=ru.yandex.yandexmaps m=NONE d=60m road='просп. Октябрьской Революции' eta=360s balloon=true
12:57:38.365	I	YA11Y	node d=18 vid=ru.yandex.yandexmaps:id/statusPanel cls=android.widget.TextView t='ул. Адмирала Юмашева' desc=''
12:57:38.367	I	YA11Y	node d=21 vid=ru.yandex.yandexmaps:id/textview_eta_distance cls=android.widget.TextView t='2,9 км' desc=''
12:57:38.368	I	YA11Y	node d=21 vid=ru.yandex.yandexmaps:id/textview_eta_arrival cls=android.widget.TextView t='13:03' desc=''
12:57:38.370	I	YA11Y	node d=21 vid=ru.yandex.yandexmaps:id/textview_eta_time cls=android.widget.TextView t='6 мин' desc=''
12:57:38.371	I	YA11Y	node d=17 vid=ru.yandex.yandexmaps:id/text_maneuverballoon_distance cls=android.widget.TextView t='60' desc=''
12:57:38.380	I	YA11Y	node d=17 vid=ru.yandex.yandexmaps:id/text_maneuverballoon_metrics cls=android.widget.TextView t='м' desc=''
12:57:38.381	I	YA11Y	node d=17 vid=ru.yandex.yandexmaps:id/text_nextstreet cls=android.widget.TextView t='просп. Октябрьской Революции' desc=''
12:57:38.383	I	YA11Y	node d=17 vid=ru.yandex.yandexmaps:id/text_speed_value cls=android.widget.TextView t='17' desc=''
12:57:38.385	I	YA11Y	node d=17 vid=ru.yandex.yandexmaps:id/text_speedlimit cls=android.widget.TextView t='60' desc=''
12:57:38.391	I	YA11Y	node d=10 vid=ru.yandex.yandexmaps:id/top_notification_title cls=android.widget.TextView t='Можно повысить точность геолокации' desc=''
12:57:38.393	I	YA11Y	pkg=ru.yandex.yandexmaps m=NONE d=60m road='просп. Октябрьской Революции' eta=360s balloon=true
12:57:38.951	I	YA11Y	pkg=ru.yandex.yandexmaps m=NONE d=50m road='просп. Октябрьской Революции' eta=360s balloon=true
12:57:39.907	I	YA11Y	pkg=ru.yandex.yandexmaps m=NONE d=50m road='просп. Октябрьской Революции' eta=360s balloon=true
12:57:40.846	I	YA11Y	pkg=ru.yandex.yandexmaps m=NONE d=40m road='просп. Октябрьской Революции' eta=360s balloon=true
12:57:41.344	I	YA11Y	pkg=ru.yandex.yandexmaps m=NONE d=30m road='просп. Октябрьской Революции' eta=360s balloon=true
12:57:41.919	I	YA11Y	pkg=ru.yandex.yandexmaps m=NONE d=30m road='просп. Октябрьской Революции' eta=360s balloon=true
12:57:42.797	I	YA11Y	pkg=ru.yandex.yandexmaps m=NONE d=20m road='просп. Октябрьской Революции' eta=360s balloon=true
12:57:44.048	I	YA11Y	node d=18 vid=ru.yandex.yandexmaps:id/statusPanel cls=android.widget.TextView t='просп. Октябрьской Революции' desc=''
12:57:44.050	I	YA11Y	node d=21 vid=ru.yandex.yandexmaps:id/textview_eta_distance cls=android.widget.TextView t='2,9 км' desc=''
12:57:44.058	I	YA11Y	node d=21 vid=ru.yandex.yandexmaps:id/textview_eta_arrival cls=android.widget.TextView t='13:03' desc=''
12:57:44.059	I	YA11Y	node d=21 vid=ru.yandex.yandexmaps:id/textview_eta_time cls=android.widget.TextView t='6 мин' desc=''
12:57:44.061	I	YA11Y	node d=17 vid=ru.yandex.yandexmaps:id/text_maneuverballoon_distance cls=android.widget.TextView t='20' desc=''
12:57:44.062	I	YA11Y	node d=17 vid=ru.yandex.yandexmaps:id/text_maneuverballoon_metrics cls=android.widget.TextView t='м' desc=''
12:57:44.064	I	YA11Y	node d=17 vid=ru.yandex.yandexmaps:id/text_nextstreet cls=android.widget.TextView t='просп. Октябрьской Революции' desc=''
12:57:44.065	I	YA11Y	node d=17 vid=ru.yandex.yandexmaps:id/text_speed_value cls=android.widget.TextView t='27' desc=''
12:57:44.067	I	YA11Y	node d=17 vid=ru.yandex.yandexmaps:id/text_speedlimit cls=android.widget.TextView t='60' desc=''
12:57:44.069	I	YA11Y	node d=10 vid=ru.yandex.yandexmaps:id/top_notification_title cls=android.widget.TextView t='Можно повысить точность геолокации' desc=''
12:57:44.071	I	YA11Y	pkg=ru.yandex.yandexmaps m=NONE d=20m road='просп. Октябрьской Революции' eta=360s balloon=true
12:57:44.840	I	YA11Y	pkg=ru.yandex.yandexmaps m=NONE d=20m road='просп. Октябрьской Революции' eta=360s balloon=true
12:57:45.560	I	YA11Y	pkg=ru.yandex.yandexmaps m=NONE d=2900m road='просп. Героев Сталинграда' eta=360s balloon=true
12:57:46.081	I	YA11Y	pkg=ru.yandex.yandexmaps m=NONE d=2900m road='просп. Героев Сталинграда' eta=360s balloon=true
12:57:46.441	I	LOOP	tick #310 rc=0 m=2(GAODE) tag=f28 pk d=2900
12:57:46.636	I	YA11Y	pkg=ru.yandex.yandexmaps m=NONE d=2900m road='просп. Героев Сталинграда' eta=360s balloon=true
12:57:47.163	I	YA11Y	pkg=ru.yandex.yandexmaps m=NONE d=2900m road='просп. Героев Сталинграда' eta=360s balloon=true
12:57:47.793	I	YA11Y	pkg=ru.yandex.yandexmaps m=NONE d=2900m road='просп. Героев Сталинграда' eta=360s balloon=true
12:57:48.565	I	YA11Y	pkg=ru.yandex.yandexmaps m=NONE d=2900m road='просп. Героев Сталинграда' eta=360s balloon=true
12:57:49.186	I	YA11Y	node d=18 vid=ru.yandex.yandexmaps:id/statusPanel cls=android.widget.TextView t='просп. Октябрьской Революции' desc=''
12:57:49.188	I	YA11Y	node d=21 vid=ru.yandex.yandexmaps:id/textview_eta_distance cls=android.widget.TextView t='2,9 км' desc=''
12:57:49.189	I	YA11Y	node d=21 vid=ru.yandex.yandexmaps:id/textview_eta_arrival cls=android.widget.TextView t='13:03' desc=''
12:57:49.192	I	YA11Y	node d=21 vid=ru.yandex.yandexmaps:id/textview_eta_time cls=android.widget.TextView t='6 мин' desc=''
12:57:49.193	I	YA11Y	node d=17 vid=ru.yandex.yandexmaps:id/text_maneuverballoon_distance cls=android.widget.TextView t='1' desc=''
12:57:49.195	I	YA11Y	node d=17 vid=ru.yandex.yandexmaps:id/text_maneuverballoon_metrics cls=android.widget.TextView t='км' desc=''
12:57:49.198	I	YA11Y	node d=17 vid=ru.yandex.yandexmaps:id/text_nextstreet cls=android.widget.TextView t='просп. Героев Сталинграда' desc=''
12:57:49.201	I	YA11Y	node d=17 vid=ru.yandex.yandexmaps:id/text_speed_value cls=android.widget.TextView t='26' desc=''
12:57:49.203	I	YA11Y	node d=17 vid=ru.yandex.yandexmaps:id/text_speedlimit cls=android.widget.TextView t='60' desc=''
12:57:49.205	I	YA11Y	node d=10 vid=ru.yandex.yandexmaps:id/top_notification_title cls=android.widget.TextView t='Можно повысить точность геолокации' desc=''
12:57:49.207	I	YA11Y	pkg=ru.yandex.yandexmaps m=NONE d=1000m road='просп. Героев Сталинграда' eta=360s balloon=true
12:57:49.729	I	YA11Y	pkg=ru.yandex.yandexmaps m=NONE d=1000m road='просп. Героев Сталинграда' eta=300s balloon=true
12:57:50.220	I	YA11Y	pkg=ru.yandex.yandexmaps m=NONE d=1000m road='просп. Героев Сталинграда' eta=300s balloon=true
12:57:50.783	I	YA11Y	pkg=ru.yandex.yandexmaps m=NONE d=1000m road='просп. Героев Сталинграда' eta=300s balloon=true
12:57:51.448	I	YA11Y	pkg=ru.yandex.yandexmaps m=NONE d=1000m road='просп. Героев Сталинграда' eta=300s balloon=true
12:57:52.293	I	YA11Y	pkg=ru.yandex.yandexmaps m=NONE d=1000m road='просп. Героев Сталинграда' eta=300s balloon=true
12:57:52.842	I	YA11Y	pkg=ru.yandex.yandexmaps m=NONE d=1000m road='просп. Героев Сталинграда' eta=300s balloon=true
12:57:53.441	I	YA11Y	pkg=ru.yandex.yandexmaps m=NONE d=1000m road='просп. Героев Сталинграда' eta=300s balloon=true
12:57:54.364	I	YA11Y	node d=18 vid=ru.yandex.yandexmaps:id/statusPanel cls=android.widget.TextView t='просп. Октябрьской Революции' desc=''
12:57:54.368	I	YA11Y	node d=21 vid=ru.yandex.yandexmaps:id/textview_eta_distance cls=android.widget.TextView t='2,8 км' desc=''
12:57:54.373	I	YA11Y	node d=21 vid=ru.yandex.yandexmaps:id/textview_eta_arrival cls=android.widget.TextView t='13:03' desc=''
12:57:54.377	I	YA11Y	node d=21 vid=ru.yandex.yandexmaps:id/textview_eta_time cls=android.widget.TextView t='5 мин' desc=''
12:57:54.379	I	YA11Y	node d=17 vid=ru.yandex.yandexmaps:id/text_maneuverballoon_distance cls=android.widget.TextView t='1' desc=''
12:57:54.380	I	YA11Y	node d=17 vid=ru.yandex.yandexmaps:id/text_maneuverballoon_metrics cls=android.widget.TextView t='км' desc=''
12:57:54.382	I	YA11Y	node d=17 vid=ru.yandex.yandexmaps:id/text_nextstreet cls=android.widget.TextView t='просп. Героев Сталинграда' desc=''
12:57:54.383	I	YA11Y	node d=17 vid=ru.yandex.yandexmaps:id/text_speed_value cls=android.widget.TextView t='23' desc=''
12:57:54.386	I	YA11Y	node d=17 vid=ru.yandex.yandexmaps:id/text_speedlimit cls=android.widget.TextView t='60' desc=''
12:57:54.387	I	YA11Y	node d=10 vid=ru.yandex.yandexmaps:id/top_notification_title cls=android.widget.TextView t='Можно повысить точность геолокации' desc=''
12:57:54.390	I	YA11Y	pkg=ru.yandex.yandexmaps m=NONE d=1000m road='просп. Героев Сталинграда' eta=300s balloon=true
12:57:54.921	I	YA11Y	pkg=ru.yandex.yandexmaps m=NONE d=990m road='просп. Героев Сталинграда' eta=300s balloon=true
12:57:56.364	I	YA11Y	pkg=ru.yandex.yandexmaps m=NONE d=980m road='просп. Героев Сталинграда' eta=300s balloon=true
12:57:56.547	I	LOOP	tick #320 rc=0 m=2(GAODE) tag=f28 pk d=980
12:57:56.952	I	YA11Y	pkg=ru.yandex.yandexmaps m=NONE d=980m road='просп. Героев Сталинграда' eta=300s balloon=true
12:57:57.462	I	YA11Y	pkg=ru.yandex.yandexmaps m=NONE d=980m road='просп. Героев Сталинграда' eta=300s balloon=true
12:57:58.483	I	YA11Y	pkg=ru.yandex.yandexmaps m=NONE d=980m road='просп. Героев Сталинграда' eta=300s balloon=true
12:57:59.505	I	YA11Y	node d=18 vid=ru.yandex.yandexmaps:id/statusPanel cls=android.widget.TextView t='просп. Октябрьской Революции' desc=''
12:57:59.512	I	YA11Y	node d=21 vid=ru.yandex.yandexmaps:id/textview_eta_distance cls=android.widget.TextView t='2,8 км' desc=''
12:57:59.514	I	YA11Y	node d=21 vid=ru.yandex.yandexmaps:id/textview_eta_arrival cls=android.widget.TextView t='13:03' desc=''
12:57:59.515	I	YA11Y	node d=21 vid=ru.yandex.yandexmaps:id/textview_eta_time cls=android.widget.TextView t='5 мин' desc=''
12:57:59.518	I	YA11Y	node d=17 vid=ru.yandex.yandexmaps:id/text_maneuverballoon_distance cls=android.widget.TextView t='980' desc=''
12:57:59.519	I	YA11Y	node d=17 vid=ru.yandex.yandexmaps:id/text_maneuverballoon_metrics cls=android.widget.TextView t='м' desc=''
12:57:59.521	I	YA11Y	node d=17 vid=ru.yandex.yandexmaps:id/text_nextstreet cls=android.widget.TextView t='просп. Героев Сталинграда' desc=''
12:57:59.523	I	YA11Y	node d=17 vid=ru.yandex.yandexmaps:id/text_speed_value cls=android.widget.TextView t='0' desc=''
12:57:59.525	I	YA11Y	node d=17 vid=ru.yandex.yandexmaps:id/text_speedlimit cls=android.widget.TextView t='60' desc=''
12:57:59.527	I	YA11Y	node d=10 vid=ru.yandex.yandexmaps:id/top_notification_title cls=android.widget.TextView t='Можно повысить точность геолокации' desc=''
12:57:59.529	I	YA11Y	pkg=ru.yandex.yandexmaps m=NONE d=980m road='просп. Героев Сталинграда' eta=300s balloon=true
12:58:00.289	I	YA11Y	pkg=ru.yandex.yandexmaps m=NONE d=980m road='просп. Героев Сталинграда' eta=300s balloon=true
12:58:01.519	I	YandexNotif	posted icon=notifications_app_logo m=0(NONE) d=970m road='проспект Героев Сталинграда' eta=0s maps=true
12:58:03.260	I	YandexNotif	posted icon=notifications_app_logo m=0(NONE) d=980m road='проспект Героев Сталинграда' eta=0s maps=true
12:58:06.645	I	LOOP	tick #330 rc=0 m=2(GAODE) tag=f28 pk d=980
12:58:09.502	I	YandexNotif	posted icon=notifications_app_logo m=0(NONE) d=970m road='проспект Героев Сталинграда' eta=0s maps=true
12:58:11.865	I	YandexNotif	posted icon=notifications_app_logo m=0(NONE) d=960m road='проспект Героев Сталинграда' eta=0s maps=true
12:58:12.890	I	YA11Y	node d=5 vid=com.android.launcher3:id/home_time cls=android.widget.TextView t='12:58' desc=''
12:58:12.894	I	YA11Y	node d=6 vid=com.android.launcher3:id/home_date cls=android.widget.TextView t='06/06' desc=''
12:58:12.899	I	YA11Y	node d=6 vid=com.android.launcher3:id/home_date_week cls=android.widget.TextView t='Sat' desc=''
12:58:13.179	I	YandexNotif	posted icon=notifications_app_logo m=0(NONE) d=0m road='Навигатор запущен' eta=0s maps=true
12:58:13.460	I	YA11Y	pkg=ru.yandex.yandexmaps m=NONE d=960m road='просп. Героев Сталинграда' eta=300s balloon=true
12:58:14.078	I	YA11Y	pkg=ru.yandex.yandexmaps m=NONE d=950m road='просп. Героев Сталинграда' eta=300s balloon=true
12:58:14.587	I	YA11Y	pkg=ru.yandex.yandexmaps m=NONE d=950m road='просп. Героев Сталинграда' eta=300s balloon=true
12:58:15.101	I	YA11Y	pkg=ru.yandex.yandexmaps m=NONE d=940m road='просп. Героев Сталинграда' eta=300s balloon=true
12:58:15.632	I	YA11Y	pkg=ru.yandex.yandexmaps m=NONE d=930m road='просп. Героев Сталинграда' eta=300s balloon=true
12:58:16.354	I	YA11Y	pkg=ru.yandex.yandexmaps m=NONE d=920m road='просп. Героев Сталинграда' eta=300s balloon=true
12:58:16.754	I	LOOP	tick #340 rc=0 m=2(GAODE) tag=f28 pk d=920
12:58:16.992	I	YA11Y	pkg=ru.yandex.yandexmaps m=NONE d=910m road='просп. Героев Сталинграда' eta=300s balloon=true
12:58:17.645	I	YA11Y	pkg=ru.yandex.yandexmaps m=NONE d=900m road='просп. Героев Сталинграда' eta=300s balloon=true
12:58:18.262	I	YA11Y	node d=18 vid=ru.yandex.yandexmaps:id/statusPanel cls=android.widget.TextView t='просп. Октябрьской Революции' desc=''
12:58:18.266	I	YA11Y	node d=21 vid=ru.yandex.yandexmaps:id/textview_eta_distance cls=android.widget.TextView t='2,7 км' desc=''
12:58:18.273	I	YA11Y	node d=21 vid=ru.yandex.yandexmaps:id/textview_eta_arrival cls=android.widget.TextView t='13:03' desc=''
12:58:18.276	I	YA11Y	node d=21 vid=ru.yandex.yandexmaps:id/textview_eta_time cls=android.widget.TextView t='5 мин' desc=''
12:58:18.278	I	YA11Y	node d=17 vid=ru.yandex.yandexmaps:id/text_maneuverballoon_distance cls=android.widget.TextView t='890' desc=''
12:58:18.280	I	YA11Y	node d=17 vid=ru.yandex.yandexmaps:id/text_maneuverballoon_metrics cls=android.widget.TextView t='м' desc=''
12:58:18.281	I	YA11Y	node d=17 vid=ru.yandex.yandexmaps:id/text_nextstreet cls=android.widget.TextView t='просп. Героев Сталинграда' desc=''
12:58:18.282	I	YA11Y	node d=17 vid=ru.yandex.yandexmaps:id/text_speed_value cls=android.widget.TextView t='46' desc=''
12:58:18.284	I	YA11Y	node d=17 vid=ru.yandex.yandexmaps:id/text_speedlimit cls=android.widget.TextView t='60' desc=''
12:58:18.288	I	YA11Y	node d=10 vid=ru.yandex.yandexmaps:id/top_notification_title cls=android.widget.TextView t='Можно повысить точность геолокации' desc=''
12:58:18.289	I	YA11Y	pkg=ru.yandex.yandexmaps m=NONE d=890m road='просп. Героев Сталинграда' eta=300s balloon=true
12:58:18.744	I	YA11Y	pkg=ru.yandex.yandexmaps m=NONE d=890m road='просп. Героев Сталинграда' eta=300s balloon=true
12:58:19.493	I	YA11Y	pkg=ru.yandex.yandexmaps m=NONE d=870m road='просп. Героев Сталинграда' eta=300s balloon=true
12:58:20.154	I	YA11Y	pkg=ru.yandex.yandexmaps m=NONE d=860m road='просп. Героев Сталинграда' eta=300s balloon=true
12:58:20.768	I	YA11Y	pkg=ru.yandex.yandexmaps m=NONE d=850m road='просп. Героев Сталинграда' eta=300s balloon=true
12:58:21.399	I	YA11Y	pkg=ru.yandex.yandexmaps m=NONE d=840m road='просп. Героев Сталинграда' eta=300s balloon=true
12:58:22.041	I	YA11Y	pkg=ru.yandex.yandexmaps m=NONE d=830m road='просп. Героев Сталинграда' eta=300s balloon=true
12:58:22.702	I	YA11Y	pkg=ru.yandex.yandexmaps m=NONE d=820m road='просп. Героев Сталинграда' eta=300s balloon=true
12:58:23.358	I	YA11Y	node d=18 vid=ru.yandex.yandexmaps:id/statusPanel cls=android.widget.TextView t='просп. Октябрьской Революции' desc=''
12:58:23.359	I	YA11Y	node d=21 vid=ru.yandex.yandexmaps:id/textview_eta_distance cls=android.widget.TextView t='2,6 км' desc=''
12:58:23.361	I	YA11Y	node d=21 vid=ru.yandex.yandexmaps:id/textview_eta_arrival cls=android.widget.TextView t='13:03' desc=''
12:58:23.367	I	YA11Y	node d=21 vid=ru.yandex.yandexmaps:id/textview_eta_time cls=android.widget.TextView t='5 мин' desc=''
12:58:23.369	I	YA11Y	node d=17 vid=ru.yandex.yandexmaps:id/text_maneuverballoon_distance cls=android.widget.TextView t='810' desc=''
12:58:23.371	I	YA11Y	node d=17 vid=ru.yandex.yandexmaps:id/text_maneuverballoon_metrics cls=android.widget.TextView t='м' desc=''
12:58:23.373	I	YA11Y	node d=17 vid=ru.yandex.yandexmaps:id/text_nextstreet cls=android.widget.TextView t='просп. Героев Сталинграда' desc=''
12:58:23.374	I	YA11Y	node d=17 vid=ru.yandex.yandexmaps:id/text_speed_value cls=android.widget.TextView t='54' desc=''
12:58:23.375	I	YA11Y	node d=17 vid=ru.yandex.yandexmaps:id/text_speedlimit cls=android.widget.TextView t='60' desc=''
12:58:23.381	I	YA11Y	node d=10 vid=ru.yandex.yandexmaps:id/top_notification_title cls=android.widget.TextView t='Можно повысить точность геолокации' desc=''
12:58:23.385	I	YA11Y	pkg=ru.yandex.yandexmaps m=NONE d=810m road='просп. Героев Сталинграда' eta=300s balloon=true
12:58:23.943	I	YA11Y	pkg=ru.yandex.yandexmaps m=NONE d=810m road='просп. Героев Сталинграда' eta=300s balloon=true
12:58:24.480	I	YA11Y	pkg=ru.yandex.yandexmaps m=NONE d=800m road='просп. Героев Сталинграда' eta=300s balloon=true
12:58:24.981	I	YA11Y	pkg=ru.yandex.yandexmaps m=NONE d=790m road='просп. Героев Сталинграда' eta=300s balloon=true
12:58:25.860	I	YA11Y	pkg=ru.yandex.yandexmaps m=NONE d=770m road='просп. Героев Сталинграда' eta=300s balloon=true
12:58:26.532	I	YA11Y	pkg=ru.yandex.yandexmaps m=NONE d=760m road='просп. Героев Сталинграда' eta=300s balloon=true
12:58:26.859	I	LOOP	tick #350 rc=0 m=2(GAODE) tag=f28 pk d=760
12:58:27.125	I	YA11Y	pkg=ru.yandex.yandexmaps m=NONE d=750m road='просп. Героев Сталинграда' eta=300s balloon=true
12:58:27.730	I	YA11Y	pkg=ru.yandex.yandexmaps m=NONE d=740m road='просп. Героев Сталинграда' eta=300s balloon=true
12:58:28.353	I	YA11Y	pkg=ru.yandex.yandexmaps m=NONE d=730m road='просп. Героев Сталинграда' eta=300s balloon=true
12:58:28.980	I	YA11Y	node d=18 vid=ru.yandex.yandexmaps:id/statusPanel cls=android.widget.TextView t='просп. Октябрьской Революции' desc=''
12:58:28.983	I	YA11Y	node d=21 vid=ru.yandex.yandexmaps:id/textview_eta_distance cls=android.widget.TextView t='2,5 км' desc=''
12:58:28.986	I	YA11Y	node d=21 vid=ru.yandex.yandexmaps:id/textview_eta_arrival cls=android.widget.TextView t='13:03' desc=''
12:58:28.988	I	YA11Y	node d=21 vid=ru.yandex.yandexmaps:id/textview_eta_time cls=android.widget.TextView t='5 мин' desc=''
12:58:28.992	I	YA11Y	node d=17 vid=ru.yandex.yandexmaps:id/text_maneuverballoon_distance cls=android.widget.TextView t='720' desc=''
12:58:28.993	I	YA11Y	node d=17 vid=ru.yandex.yandexmaps:id/text_maneuverballoon_metrics cls=android.widget.TextView t='м' desc=''
12:58:28.995	I	YA11Y	node d=17 vid=ru.yandex.yandexmaps:id/text_nextstreet cls=android.widget.TextView t='просп. Героев Сталинграда' desc=''
12:58:28.998	I	YA11Y	node d=17 vid=ru.yandex.yandexmaps:id/text_speed_value cls=android.widget.TextView t='58' desc=''
12:58:28.999	I	YA11Y	node d=17 vid=ru.yandex.yandexmaps:id/text_speedlimit cls=android.widget.TextView t='60' desc=''
12:58:29.001	I	YA11Y	node d=10 vid=ru.yandex.yandexmaps:id/top_notification_title cls=android.widget.TextView t='Можно повысить точность геолокации' desc=''
12:58:29.003	I	YA11Y	pkg=ru.yandex.yandexmaps m=NONE d=720m road='просп. Героев Сталинграда' eta=300s balloon=true
12:58:29.609	I	YA11Y	pkg=ru.yandex.yandexmaps m=NONE d=710m road='просп. Героев Сталинграда' eta=300s balloon=true
12:58:30.178	I	YA11Y	pkg=ru.yandex.yandexmaps m=NONE d=710m road='просп. Героев Сталинграда' eta=300s balloon=true
12:58:30.862	I	YA11Y	pkg=ru.yandex.yandexmaps m=NONE d=690m road='просп. Героев Сталинграда' eta=300s balloon=true
12:58:31.514	I	YA11Y	pkg=ru.yandex.yandexmaps m=NONE d=680m road='просп. Героев Сталинграда' eta=300s balloon=true
12:58:32.090	I	YA11Y	pkg=ru.yandex.yandexmaps m=NONE d=670m road='просп. Героев Сталинграда' eta=300s balloon=true
12:58:32.788	I	YA11Y	pkg=ru.yandex.yandexmaps m=NONE d=660m road='просп. Героев Сталинграда' eta=300s balloon=true
12:58:33.300	I	YA11Y	pkg=ru.yandex.yandexmaps m=NONE d=650m road='просп. Героев Сталинграда' eta=300s balloon=true
12:58:33.805	I	YA11Y	pkg=ru.yandex.yandexmaps m=NONE d=650m road='просп. Героев Сталинграда' eta=300s balloon=true
12:58:34.343	I	YA11Y	node d=18 vid=ru.yandex.yandexmaps:id/statusPanel cls=android.widget.TextView t='просп. Октябрьской Революции' desc=''
12:58:34.345	I	YA11Y	node d=21 vid=ru.yandex.yandexmaps:id/textview_eta_distance cls=android.widget.TextView t='2,4 км' desc=''
12:58:34.347	I	YA11Y	node d=21 vid=ru.yandex.yandexmaps:id/textview_eta_arrival cls=android.widget.TextView t='13:03' desc=''
12:58:34.349	I	YA11Y	node d=21 vid=ru.yandex.yandexmaps:id/textview_eta_time cls=android.widget.TextView t='5 мин' desc=''
12:58:34.350	I	YA11Y	node d=17 vid=ru.yandex.yandexmaps:id/text_maneuverballoon_distance cls=android.widget.TextView t='640' desc=''
12:58:34.358	I	YA11Y	node d=17 vid=ru.yandex.yandexmaps:id/text_maneuverballoon_metrics cls=android.widget.TextView t='м' desc=''
12:58:34.360	I	YA11Y	node d=17 vid=ru.yandex.yandexmaps:id/text_nextstreet cls=android.widget.TextView t='просп. Героев Сталинграда' desc=''
12:58:34.362	I	YA11Y	node d=17 vid=ru.yandex.yandexmaps:id/text_speed_value cls=android.widget.TextView t='55' desc=''
12:58:34.363	I	YA11Y	node d=17 vid=ru.yandex.yandexmaps:id/text_speedlimit cls=android.widget.TextView t='60' desc=''
12:58:34.365	I	YA11Y	node d=10 vid=ru.yandex.yandexmaps:id/top_notification_title cls=android.widget.TextView t='Можно повысить точность геолокации' desc=''
12:58:34.367	I	YA11Y	pkg=ru.yandex.yandexmaps m=NONE d=640m road='просп. Героев Сталинграда' eta=300s balloon=true
12:58:34.831	I	YA11Y	pkg=ru.yandex.yandexmaps m=NONE d=630m road='просп. Героев Сталинграда' eta=300s balloon=true
12:58:35.361	I	YA11Y	pkg=ru.yandex.yandexmaps m=NONE d=620m road='просп. Героев Сталинграда' eta=300s balloon=true
12:58:35.992	I	YA11Y	pkg=ru.yandex.yandexmaps m=NONE d=610m road='просп. Героев Сталинграда' eta=300s balloon=true
12:58:36.731	I	YA11Y	pkg=ru.yandex.yandexmaps m=NONE d=600m road='просп. Героев Сталинграда' eta=300s balloon=true
12:58:36.946	I	LOOP	tick #360 rc=0 m=2(GAODE) tag=f28 pk d=600
12:58:37.409	I	YA11Y	pkg=ru.yandex.yandexmaps m=NONE d=590m road='просп. Героев Сталинграда' eta=300s balloon=true
12:58:38.049	I	YA11Y	pkg=ru.yandex.yandexmaps m=NONE d=580m road='просп. Героев Сталинграда' eta=300s balloon=true
12:58:38.776	I	YA11Y	pkg=ru.yandex.yandexmaps m=NONE d=570m road='просп. Героев Сталинграда' eta=300s balloon=true
12:58:39.396	I	YA11Y	node d=18 vid=ru.yandex.yandexmaps:id/statusPanel cls=android.widget.TextView t='просп. Октябрьской Революции' desc=''
12:58:39.397	I	YA11Y	node d=21 vid=ru.yandex.yandexmaps:id/textview_eta_distance cls=android.widget.TextView t='2,4 км' desc=''
12:58:39.399	I	YA11Y	node d=21 vid=ru.yandex.yandexmaps:id/textview_eta_arrival cls=android.widget.TextView t='13:03' desc=''
12:58:39.400	I	YA11Y	node d=21 vid=ru.yandex.yandexmaps:id/textview_eta_time cls=android.widget.TextView t='5 мин' desc=''
12:58:39.402	I	YA11Y	node d=17 vid=ru.yandex.yandexmaps:id/text_maneuverballoon_distance cls=android.widget.TextView t='560' desc=''
12:58:39.404	I	YA11Y	node d=17 vid=ru.yandex.yandexmaps:id/text_maneuverballoon_metrics cls=android.widget.TextView t='м' desc=''
12:58:39.406	I	YA11Y	node d=17 vid=ru.yandex.yandexmaps:id/text_nextstreet cls=android.widget.TextView t='просп. Героев Сталинграда' desc=''
12:58:39.408	I	YA11Y	node d=17 vid=ru.yandex.yandexmaps:id/text_speed_value cls=android.widget.TextView t='55' desc=''
12:58:39.410	I	YA11Y	node d=17 vid=ru.yandex.yandexmaps:id/text_speedlimit cls=android.widget.TextView t='60' desc=''
12:58:39.412	I	YA11Y	node d=10 vid=ru.yandex.yandexmaps:id/top_notification_title cls=android.widget.TextView t='Можно повысить точность геолокации' desc=''
12:58:39.414	I	YA11Y	pkg=ru.yandex.yandexmaps m=NONE d=560m road='просп. Героев Сталинграда' eta=300s balloon=true
12:58:40.073	I	YA11Y	pkg=ru.yandex.yandexmaps m=NONE d=550m road='просп. Героев Сталинграда' eta=300s balloon=true
12:58:40.660	I	YA11Y	pkg=ru.yandex.yandexmaps m=NONE d=540m road='просп. Героев Сталинграда' eta=300s balloon=true
12:58:41.433	I	YA11Y	pkg=ru.yandex.yandexmaps m=NONE d=530m road='просп. Героев Сталинграда' eta=300s balloon=true
12:58:42.101	I	YA11Y	pkg=ru.yandex.yandexmaps m=NONE d=520m road='просп. Героев Сталинграда' eta=300s balloon=true
12:58:42.620	I	YA11Y	pkg=ru.yandex.yandexmaps m=NONE d=520m road='просп. Героев Сталинграда' eta=300s balloon=true
12:58:43.302	I	YA11Y	pkg=ru.yandex.yandexmaps m=NONE d=510m road='просп. Героев Сталинграда' eta=300s balloon=true
12:58:44.120	I	YA11Y	pkg=ru.yandex.yandexmaps m=NONE d=490m road='просп. Героев Сталинграда' eta=300s balloon=true
12:58:44.674	I	YA11Y	node d=18 vid=ru.yandex.yandexmaps:id/statusPanel cls=android.widget.TextView t='просп. Октябрьской Революции' desc=''
12:58:44.676	I	YA11Y	node d=21 vid=ru.yandex.yandexmaps:id/textview_eta_distance cls=android.widget.TextView t='2,3 км' desc=''
12:58:44.678	I	YA11Y	node d=21 vid=ru.yandex.yandexmaps:id/textview_eta_arrival cls=android.widget.TextView t='13:03' desc=''
12:58:44.681	I	YA11Y	node d=21 vid=ru.yandex.yandexmaps:id/textview_eta_time cls=android.widget.TextView t='5 мин' desc=''
12:58:44.682	I	YA11Y	node d=17 vid=ru.yandex.yandexmaps:id/text_maneuverballoon_distance cls=android.widget.TextView t='490' desc=''
12:58:44.686	I	YA11Y	node d=17 vid=ru.yandex.yandexmaps:id/text_maneuverballoon_metrics cls=android.widget.TextView t='м' desc=''
12:58:44.689	I	YA11Y	node d=17 vid=ru.yandex.yandexmaps:id/text_nextstreet cls=android.widget.TextView t='просп. Героев Сталинграда' desc=''
12:58:44.690	I	YA11Y	node d=17 vid=ru.yandex.yandexmaps:id/text_speed_value cls=android.widget.TextView t='55' desc=''
12:58:44.692	I	YA11Y	node d=17 vid=ru.yandex.yandexmaps:id/text_speedlimit cls=android.widget.TextView t='60' desc=''
12:58:44.694	I	YA11Y	node d=10 vid=ru.yandex.yandexmaps:id/top_notification_title cls=android.widget.TextView t='Можно повысить точность геолокации' desc=''
12:58:44.696	I	YA11Y	pkg=ru.yandex.yandexmaps m=NONE d=490m road='просп. Героев Сталинграда' eta=300s balloon=true
12:58:45.365	I	YA11Y	pkg=ru.yandex.yandexmaps m=NONE d=470m road='просп. Героев Сталинграда' eta=300s balloon=true
12:58:46.048	I	YA11Y	pkg=ru.yandex.yandexmaps m=NONE d=460m road='просп. Героев Сталинграда' eta=300s balloon=true
12:58:46.684	I	YA11Y	pkg=ru.yandex.yandexmaps m=NONE d=450m road='просп. Героев Сталинграда' eta=300s balloon=true
12:58:47.057	I	LOOP	tick #370 rc=0 m=2(GAODE) tag=f28 pk d=450
12:58:47.356	I	YA11Y	pkg=ru.yandex.yandexmaps m=NONE d=440m road='просп. Героев Сталинграда' eta=240s balloon=true
12:58:47.985	I	YA11Y	pkg=ru.yandex.yandexmaps m=NONE d=430m road='просп. Героев Сталинграда' eta=240s balloon=true
12:58:48.574	I	YA11Y	pkg=ru.yandex.yandexmaps m=NONE d=420m road='просп. Героев Сталинграда' eta=240s balloon=true
12:58:49.110	I	YA11Y	pkg=ru.yandex.yandexmaps m=NONE d=410m road='просп. Героев Сталинграда' eta=240s balloon=true
12:58:49.828	I	YA11Y	node d=18 vid=ru.yandex.yandexmaps:id/statusPanel cls=android.widget.TextView t='просп. Октябрьской Революции' desc=''
12:58:49.830	I	YA11Y	node d=21 vid=ru.yandex.yandexmaps:id/textview_eta_distance cls=android.widget.TextView t='2,2 км' desc=''
12:58:49.831	I	YA11Y	node d=21 vid=ru.yandex.yandexmaps:id/textview_eta_arrival cls=android.widget.TextView t='13:03' desc=''
12:58:49.834	I	YA11Y	node d=21 vid=ru.yandex.yandexmaps:id/textview_eta_time cls=android.widget.TextView t='4 мин' desc=''
12:58:49.836	I	YA11Y	node d=17 vid=ru.yandex.yandexmaps:id/text_maneuverballoon_distance cls=android.widget.TextView t='400' desc=''
12:58:49.837	I	YA11Y	node d=17 vid=ru.yandex.yandexmaps:id/text_maneuverballoon_metrics cls=android.widget.TextView t='м' desc=''
12:58:49.839	I	YA11Y	node d=17 vid=ru.yandex.yandexmaps:id/text_nextstreet cls=android.widget.TextView t='просп. Героев Сталинграда' desc=''
12:58:49.841	I	YA11Y	node d=17 vid=ru.yandex.yandexmaps:id/text_speed_value cls=android.widget.TextView t='56' desc=''
12:58:49.843	I	YA11Y	node d=17 vid=ru.yandex.yandexmaps:id/text_speedlimit cls=android.widget.TextView t='60' desc=''
12:58:49.845	I	YA11Y	node d=10 vid=ru.yandex.yandexmaps:id/top_notification_title cls=android.widget.TextView t='Можно повысить точность геолокации' desc=''
12:58:49.848	I	YA11Y	pkg=ru.yandex.yandexmaps m=NONE d=400m road='просп. Героев Сталинграда' eta=240s balloon=true
12:58:50.362	I	YA11Y	pkg=ru.yandex.yandexmaps m=NONE d=390m road='просп. Героев Сталинграда' eta=240s balloon=true
12:58:50.947	I	YA11Y	pkg=ru.yandex.yandexmaps m=NONE d=390m road='просп. Героев Сталинграда' eta=240s balloon=true
12:58:51.706	I	YA11Y	pkg=ru.yandex.yandexmaps m=NONE d=370m road='просп. Героев Сталинграда' eta=240s balloon=true
12:58:52.384	I	YA11Y	pkg=ru.yandex.yandexmaps m=NONE d=360m road='просп. Героев Сталинграда' eta=240s balloon=true
12:58:53.039	I	YA11Y	pkg=ru.yandex.yandexmaps m=NONE d=350m road='просп. Героев Сталинграда' eta=240s balloon=true
12:58:53.570	I	YA11Y	pkg=ru.yandex.yandexmaps m=NONE d=350m road='просп. Героев Сталинграда' eta=240s balloon=true
12:58:54.067	I	YA11Y	pkg=ru.yandex.yandexmaps m=NONE d=340m road='просп. Героев Сталинграда' eta=240s balloon=true
12:58:55.005	I	YA11Y	node d=18 vid=ru.yandex.yandexmaps:id/statusPanel cls=android.widget.TextView t='просп. Октябрьской Революции' desc=''
12:58:55.007	I	YA11Y	node d=21 vid=ru.yandex.yandexmaps:id/textview_eta_distance cls=android.widget.TextView t='2,1 км' desc=''
12:58:55.009	I	YA11Y	node d=21 vid=ru.yandex.yandexmaps:id/textview_eta_arrival cls=android.widget.TextView t='13:03' desc=''
12:58:55.012	I	YA11Y	node d=21 vid=ru.yandex.yandexmaps:id/textview_eta_time cls=android.widget.TextView t='4 мин' desc=''
12:58:55.013	I	YA11Y	node d=17 vid=ru.yandex.yandexmaps:id/text_maneuverballoon_distance cls=android.widget.TextView t='320' desc=''
12:58:55.014	I	YA11Y	node d=17 vid=ru.yandex.yandexmaps:id/text_maneuverballoon_metrics cls=android.widget.TextView t='м' desc=''
12:58:55.016	I	YA11Y	node d=17 vid=ru.yandex.yandexmaps:id/text_nextstreet cls=android.widget.TextView t='просп. Героев Сталинграда' desc=''
12:58:55.017	I	YA11Y	node d=17 vid=ru.yandex.yandexmaps:id/text_speed_value cls=android.widget.TextView t='51' desc=''
12:58:55.018	I	YA11Y	node d=17 vid=ru.yandex.yandexmaps:id/text_speedlimit cls=android.widget.TextView t='60' desc=''
12:58:55.021	I	YA11Y	node d=10 vid=ru.yandex.yandexmaps:id/top_notification_title cls=android.widget.TextView t='Можно повысить точность геолокации' desc=''
12:58:55.023	I	YA11Y	pkg=ru.yandex.yandexmaps m=NONE d=320m road='просп. Героев Сталинграда' eta=240s balloon=true
12:58:55.741	I	YA11Y	pkg=ru.yandex.yandexmaps m=NONE d=310m road='просп. Героев Сталинграда' eta=240s balloon=true
12:58:56.393	I	YA11Y	pkg=ru.yandex.yandexmaps m=NONE d=300m road='просп. Героев Сталинграда' eta=240s balloon=true
12:58:57.034	I	YA11Y	pkg=ru.yandex.yandexmaps m=NONE d=290m road='просп. Героев Сталинграда' eta=240s balloon=true
12:58:57.189	I	LOOP	tick #380 rc=0 m=2(GAODE) tag=f28 pk d=290
12:58:57.585	I	YA11Y	pkg=ru.yandex.yandexmaps m=NONE d=290m road='просп. Героев Сталинграда' eta=240s balloon=true
12:58:58.217	I	YA11Y	pkg=ru.yandex.yandexmaps m=NONE d=280m road='просп. Героев Сталинграда' eta=240s balloon=true
12:58:59.044	I	YA11Y	pkg=ru.yandex.yandexmaps m=NONE d=270m road='просп. Героев Сталинграда' eta=240s balloon=true
12:58:59.982	I	YA11Y	pkg=ru.yandex.yandexmaps m=NONE d=250m road='просп. Героев Сталинграда' eta=240s balloon=true
12:59:00.548	I	YA11Y	node d=18 vid=ru.yandex.yandexmaps:id/statusPanel cls=android.widget.TextView t='просп. Октябрьской Революции' desc=''
12:59:00.551	I	YA11Y	node d=21 vid=ru.yandex.yandexmaps:id/textview_eta_distance cls=android.widget.TextView t='2 км' desc=''
12:59:00.552	I	YA11Y	node d=21 vid=ru.yandex.yandexmaps:id/textview_eta_arrival cls=android.widget.TextView t='13:03' desc=''
12:59:00.554	I	YA11Y	node d=21 vid=ru.yandex.yandexmaps:id/textview_eta_time cls=android.widget.TextView t='4 мин' desc=''
12:59:00.557	I	YA11Y	node d=17 vid=ru.yandex.yandexmaps:id/text_maneuverballoon_distance cls=android.widget.TextView t='250' desc=''
12:59:00.560	I	YA11Y	node d=17 vid=ru.yandex.yandexmaps:id/text_maneuverballoon_metrics cls=android.widget.TextView t='м' desc=''
12:59:00.561	I	YA11Y	node d=17 vid=ru.yandex.yandexmaps:id/text_nextstreet cls=android.widget.TextView t='просп. Героев Сталинграда' desc=''
12:59:00.564	I	YA11Y	node d=17 vid=ru.yandex.yandexmaps:id/text_speed_value cls=android.widget.TextView t='46' desc=''
12:59:00.566	I	YA11Y	node d=17 vid=ru.yandex.yandexmaps:id/text_speedlimit cls=android.widget.TextView t='60' desc=''
12:59:00.569	I	YA11Y	node d=10 vid=ru.yandex.yandexmaps:id/top_notification_title cls=android.widget.TextView t='Можно повысить точность геолокации' desc=''
12:59:00.574	I	YA11Y	pkg=ru.yandex.yandexmaps m=NONE d=250m road='просп. Героев Сталинграда' eta=240s balloon=true
12:59:01.121	I	YA11Y	pkg=ru.yandex.yandexmaps m=NONE d=240m road='просп. Героев Сталинграда' eta=240s balloon=true
12:59:02.267	I	YA11Y	pkg=ru.yandex.yandexmaps m=NONE d=220m road='просп. Героев Сталинграда' eta=240s balloon=true
12:59:02.974	I	YA11Y	pkg=ru.yandex.yandexmaps m=NONE d=210m road='просп. Героев Сталинграда' eta=240s balloon=true
12:59:03.887	I	YA11Y	pkg=ru.yandex.yandexmaps m=NONE d=200m road='просп. Героев Сталинграда' eta=240s balloon=true
12:59:04.408	I	YA11Y	pkg=ru.yandex.yandexmaps m=NONE d=200m road='просп. Героев Сталинграда' eta=240s balloon=true
12:59:05.052	I	YA11Y	pkg=ru.yandex.yandexmaps m=NONE d=190m road='просп. Героев Сталинграда' eta=240s balloon=true
12:59:05.583	I	YA11Y	node d=18 vid=ru.yandex.yandexmaps:id/statusPanel cls=android.widget.TextView t='просп. Октябрьской Революции' desc=''
12:59:05.590	I	YA11Y	node d=21 vid=ru.yandex.yandexmaps:id/textview_eta_distance cls=android.widget.TextView t='2 км' desc=''
12:59:05.596	I	YA11Y	node d=21 vid=ru.yandex.yandexmaps:id/textview_eta_arrival cls=android.widget.TextView t='13:03' desc=''
12:59:05.599	I	YA11Y	node d=21 vid=ru.yandex.yandexmaps:id/textview_eta_time cls=android.widget.TextView t='4 мин' desc=''
12:59:05.601	I	YA11Y	node d=17 vid=ru.yandex.yandexmaps:id/text_maneuverballoon_distance cls=android.widget.TextView t='180' desc=''
12:59:05.603	I	YA11Y	node d=17 vid=ru.yandex.yandexmaps:id/text_maneuverballoon_metrics cls=android.widget.TextView t='м' desc=''
12:59:05.606	I	YA11Y	node d=17 vid=ru.yandex.yandexmaps:id/text_nextstreet cls=android.widget.TextView t='просп. Героев Сталинграда' desc=''
12:59:05.611	I	YA11Y	node d=17 vid=ru.yandex.yandexmaps:id/text_speed_value cls=android.widget.TextView t='42' desc=''
12:59:05.614	I	YA11Y	node d=17 vid=ru.yandex.yandexmaps:id/text_speedlimit cls=android.widget.TextView t='60' desc=''
12:59:05.629	I	YA11Y	node d=10 vid=ru.yandex.yandexmaps:id/top_notification_title cls=android.widget.TextView t='Можно повысить точность геолокации' desc=''
12:59:05.636	I	YA11Y	pkg=ru.yandex.yandexmaps m=NONE d=180m road='просп. Героев Сталинграда' eta=240s balloon=true
12:59:06.420	I	YA11Y	pkg=ru.yandex.yandexmaps m=NONE d=170m road='просп. Героев Сталинграда' eta=240s balloon=true
12:59:07.024	I	YA11Y	pkg=ru.yandex.yandexmaps m=NONE d=170m road='просп. Героев Сталинграда' eta=240s balloon=true
12:59:07.325	I	LOOP	tick #390 rc=0 m=2(GAODE) tag=f28 pk d=170
12:59:07.551	I	YA11Y	pkg=ru.yandex.yandexmaps m=NONE d=160m road='просп. Героев Сталинграда' eta=240s balloon=true
12:59:08.271	I	YA11Y	pkg=ru.yandex.yandexmaps m=NONE d=150m road='просп. Героев Сталинграда' eta=240s balloon=true
12:59:08.893	I	YA11Y	pkg=ru.yandex.yandexmaps m=NONE d=150m road='просп. Героев Сталинграда' eta=240s balloon=true
12:59:09.472	I	YA11Y	pkg=ru.yandex.yandexmaps m=NONE d=140m road='просп. Героев Сталинграда' eta=240s balloon=true
12:59:10.454	I	YA11Y	pkg=ru.yandex.yandexmaps m=NONE d=130m road='просп. Героев Сталинграда' eta=240s balloon=true
12:59:11.021	I	YA11Y	node d=18 vid=ru.yandex.yandexmaps:id/statusPanel cls=android.widget.TextView t='просп. Октябрьской Революции' desc=''
12:59:11.022	I	YA11Y	node d=21 vid=ru.yandex.yandexmaps:id/textview_eta_distance cls=android.widget.TextView t='1,9 км' desc=''
12:59:11.024	I	YA11Y	node d=21 vid=ru.yandex.yandexmaps:id/textview_eta_arrival cls=android.widget.TextView t='13:03' desc=''
12:59:11.025	I	YA11Y	node d=21 vid=ru.yandex.yandexmaps:id/textview_eta_time cls=android.widget.TextView t='4 мин' desc=''
12:59:11.029	I	YA11Y	node d=17 vid=ru.yandex.yandexmaps:id/text_maneuverballoon_distance cls=android.widget.TextView t='130' desc=''
12:59:11.032	I	YA11Y	node d=17 vid=ru.yandex.yandexmaps:id/text_maneuverballoon_metrics cls=android.widget.TextView t='м' desc=''
12:59:11.034	I	YA11Y	node d=17 vid=ru.yandex.yandexmaps:id/text_nextstreet cls=android.widget.TextView t='просп. Героев Сталинграда' desc=''
12:59:11.038	I	YA11Y	node d=17 vid=ru.yandex.yandexmaps:id/text_speed_value cls=android.widget.TextView t='23' desc=''
12:59:11.045	I	YA11Y	node d=17 vid=ru.yandex.yandexmaps:id/text_speedlimit cls=android.widget.TextView t='60' desc=''
12:59:11.047	I	YA11Y	node d=10 vid=ru.yandex.yandexmaps:id/top_notification_title cls=android.widget.TextView t='Можно повысить точность геолокации' desc=''
12:59:11.049	I	YA11Y	pkg=ru.yandex.yandexmaps m=NONE d=130m road='просп. Героев Сталинграда' eta=240s balloon=true
12:59:11.627	I	YA11Y	pkg=ru.yandex.yandexmaps m=NONE d=130m road='просп. Героев Сталинграда' eta=240s balloon=true
12:59:12.683	I	YA11Y	pkg=ru.yandex.yandexmaps m=NONE d=120m road='просп. Героев Сталинграда' eta=240s balloon=true
12:59:13.227	I	YA11Y	pkg=ru.yandex.yandexmaps m=NONE d=140m road='просп. Героев Сталинграда' eta=240s balloon=true
12:59:14.730	I	YA11Y	pkg=ru.yandex.yandexmaps m=NONE d=140m road='просп. Героев Сталинграда' eta=240s balloon=true
12:59:15.325	I	YA11Y	pkg=ru.yandex.yandexmaps m=NONE d=140m road='просп. Героев Сталинграда' eta=240s balloon=true
12:59:17.015	I	YA11Y	node d=18 vid=ru.yandex.yandexmaps:id/statusPanel cls=android.widget.TextView t='просп. Октябрьской Революции' desc=''
12:59:17.021	I	YA11Y	node d=21 vid=ru.yandex.yandexmaps:id/textview_eta_distance cls=android.widget.TextView t='1,9 км' desc=''
12:59:17.025	I	YA11Y	node d=21 vid=ru.yandex.yandexmaps:id/textview_eta_arrival cls=android.widget.TextView t='13:03' desc=''
12:59:17.029	I	YA11Y	node d=21 vid=ru.yandex.yandexmaps:id/textview_eta_time cls=android.widget.TextView t='4 мин' desc=''
12:59:17.035	I	YA11Y	node d=17 vid=ru.yandex.yandexmaps:id/text_maneuverballoon_distance cls=android.widget.TextView t='140' desc=''
12:59:17.038	I	YA11Y	node d=17 vid=ru.yandex.yandexmaps:id/text_maneuverballoon_metrics cls=android.widget.TextView t='м' desc=''
12:59:17.039	I	YA11Y	node d=17 vid=ru.yandex.yandexmaps:id/text_nextstreet cls=android.widget.TextView t='просп. Героев Сталинграда' desc=''
12:59:17.041	I	YA11Y	node d=17 vid=ru.yandex.yandexmaps:id/text_speed_value cls=android.widget.TextView t='0' desc=''
12:59:17.044	I	YA11Y	node d=17 vid=ru.yandex.yandexmaps:id/text_speedlimit cls=android.widget.TextView t='60' desc=''
12:59:17.045	I	YA11Y	node d=10 vid=ru.yandex.yandexmaps:id/top_notification_title cls=android.widget.TextView t='Можно повысить точность геолокации' desc=''
12:59:17.046	I	YA11Y	pkg=ru.yandex.yandexmaps m=NONE d=140m road='просп. Героев Сталинграда' eta=240s balloon=true
12:59:17.436	I	LOOP	tick #400 rc=0 m=2(GAODE) tag=f28 pk d=140
12:59:19.036	I	YA11Y	pkg=ru.yandex.yandexmaps m=NONE d=140m road='просп. Героев Сталинграда' eta=240s balloon=true
12:59:21.028	I	YA11Y	pkg=ru.yandex.yandexmaps m=NONE d=140m road='просп. Героев Сталинграда' eta=240s balloon=true
12:59:23.015	I	YA11Y	node d=18 vid=ru.yandex.yandexmaps:id/statusPanel cls=android.widget.TextView t='просп. Октябрьской Революции' desc=''
12:59:23.018	I	YA11Y	node d=21 vid=ru.yandex.yandexmaps:id/textview_eta_distance cls=android.widget.TextView t='1,9 км' desc=''
12:59:23.020	I	YA11Y	node d=21 vid=ru.yandex.yandexmaps:id/textview_eta_arrival cls=android.widget.TextView t='13:03' desc=''
12:59:23.021	I	YA11Y	node d=21 vid=ru.yandex.yandexmaps:id/textview_eta_time cls=android.widget.TextView t='4 мин' desc=''
12:59:23.023	I	YA11Y	node d=17 vid=ru.yandex.yandexmaps:id/text_maneuverballoon_distance cls=android.widget.TextView t='140' desc=''
12:59:23.025	I	YA11Y	node d=17 vid=ru.yandex.yandexmaps:id/text_maneuverballoon_metrics cls=android.widget.TextView t='м' desc=''
12:59:23.027	I	YA11Y	node d=17 vid=ru.yandex.yandexmaps:id/text_nextstreet cls=android.widget.TextView t='просп. Героев Сталинграда' desc=''
12:59:23.032	I	YA11Y	node d=17 vid=ru.yandex.yandexmaps:id/text_speed_value cls=android.widget.TextView t='0' desc=''
12:59:23.034	I	YA11Y	node d=17 vid=ru.yandex.yandexmaps:id/text_speedlimit cls=android.widget.TextView t='60' desc=''
12:59:23.036	I	YA11Y	node d=10 vid=ru.yandex.yandexmaps:id/top_notification_title cls=android.widget.TextView t='Можно повысить точность геолокации' desc=''
12:59:23.039	I	YA11Y	pkg=ru.yandex.yandexmaps m=NONE d=140m road='просп. Героев Сталинграда' eta=240s balloon=true
12:59:24.288	I	YA11Y	pkg=ru.yandex.yandexmaps m=NONE d=130m road='просп. Героев Сталинграда' eta=240s balloon=true
12:59:25.023	I	YA11Y	pkg=ru.yandex.yandexmaps m=NONE d=130m road='просп. Героев Сталинграда' eta=240s balloon=true
12:59:26.050	I	YA11Y	pkg=ru.yandex.yandexmaps m=NONE d=130m road='просп. Героев Сталинграда' eta=240s balloon=true
12:59:27.030	I	YA11Y	pkg=ru.yandex.yandexmaps m=NONE d=120m road='просп. Героев Сталинграда' eta=240s balloon=true
12:59:27.562	I	LOOP	tick #410 rc=0 m=2(GAODE) tag=f28 pk d=120
12:59:28.096	I	YA11Y	node d=18 vid=ru.yandex.yandexmaps:id/statusPanel cls=android.widget.TextView t='просп. Октябрьской Революции' desc=''
12:59:28.100	I	YA11Y	node d=21 vid=ru.yandex.yandexmaps:id/textview_eta_distance cls=android.widget.TextView t='1,9 км' desc=''
12:59:28.103	I	YA11Y	node d=21 vid=ru.yandex.yandexmaps:id/textview_eta_arrival cls=android.widget.TextView t='13:03' desc=''
12:59:28.105	I	YA11Y	node d=21 vid=ru.yandex.yandexmaps:id/textview_eta_time cls=android.widget.TextView t='4 мин' desc=''
12:59:28.107	I	YA11Y	node d=17 vid=ru.yandex.yandexmaps:id/text_maneuverballoon_distance cls=android.widget.TextView t='120' desc=''
12:59:28.109	I	YA11Y	node d=17 vid=ru.yandex.yandexmaps:id/text_maneuverballoon_metrics cls=android.widget.TextView t='м' desc=''
12:59:28.112	I	YA11Y	node d=17 vid=ru.yandex.yandexmaps:id/text_nextstreet cls=android.widget.TextView t='просп. Героев Сталинграда' desc=''
12:59:28.114	I	YA11Y	node d=17 vid=ru.yandex.yandexmaps:id/text_speed_value cls=android.widget.TextView t='36' desc=''
12:59:28.119	I	YA11Y	node d=17 vid=ru.yandex.yandexmaps:id/text_speedlimit cls=android.widget.TextView t='60' desc=''
12:59:28.121	I	YA11Y	node d=10 vid=ru.yandex.yandexmaps:id/top_notification_title cls=android.widget.TextView t='Можно повысить точность геолокации' desc=''
12:59:28.124	I	YA11Y	pkg=ru.yandex.yandexmaps m=NONE d=120m road='просп. Героев Сталинграда' eta=240s balloon=true
12:59:29.051	I	YA11Y	pkg=ru.yandex.yandexmaps m=NONE d=110m road='просп. Героев Сталинграда' eta=240s balloon=true
12:59:30.162	I	YA11Y	pkg=ru.yandex.yandexmaps m=NONE d=90m road='просп. Героев Сталинграда' eta=240s balloon=true
12:59:30.999	I	YA11Y	pkg=ru.yandex.yandexmaps m=NONE d=80m road='просп. Героев Сталинграда' eta=240s balloon=true
12:59:31.745	I	YA11Y	pkg=ru.yandex.yandexmaps m=NONE d=70m road='просп. Героев Сталинграда' eta=240s balloon=true
12:59:32.447	I	YA11Y	pkg=ru.yandex.yandexmaps m=NONE d=60m road='просп. Героев Сталинграда' eta=240s balloon=true
12:59:33.041	I	YA11Y	pkg=ru.yandex.yandexmaps m=NONE d=50m road='просп. Героев Сталинграда' eta=240s balloon=true
12:59:33.583	I	YA11Y	node d=18 vid=ru.yandex.yandexmaps:id/statusPanel cls=android.widget.TextView t='просп. Октябрьской Революции' desc=''
12:59:33.593	I	YA11Y	node d=21 vid=ru.yandex.yandexmaps:id/textview_eta_distance cls=android.widget.TextView t='1,8 км' desc=''
12:59:33.595	I	YA11Y	node d=21 vid=ru.yandex.yandexmaps:id/textview_eta_arrival cls=android.widget.TextView t='13:03' desc=''
12:59:33.597	I	YA11Y	node d=21 vid=ru.yandex.yandexmaps:id/textview_eta_time cls=android.widget.TextView t='4 мин' desc=''
12:59:33.602	I	YA11Y	node d=17 vid=ru.yandex.yandexmaps:id/text_maneuverballoon_distance cls=android.widget.TextView t='50' desc=''
12:59:33.604	I	YA11Y	node d=17 vid=ru.yandex.yandexmaps:id/text_maneuverballoon_metrics cls=android.widget.TextView t='м' desc=''
12:59:33.606	I	YA11Y	node d=17 vid=ru.yandex.yandexmaps:id/text_nextstreet cls=android.widget.TextView t='просп. Героев Сталинграда' desc=''
12:59:33.609	I	YA11Y	node d=17 vid=ru.yandex.yandexmaps:id/text_speed_value cls=android.widget.TextView t='38' desc=''
12:59:33.611	I	YA11Y	node d=17 vid=ru.yandex.yandexmaps:id/text_speedlimit cls=android.widget.TextView t='60' desc=''
12:59:33.613	I	YA11Y	node d=10 vid=ru.yandex.yandexmaps:id/top_notification_title cls=android.widget.TextView t='Можно повысить точность геолокации' desc=''
12:59:33.615	I	YA11Y	pkg=ru.yandex.yandexmaps m=NONE d=50m road='просп. Героев Сталинграда' eta=240s balloon=true
12:59:34.338	I	YA11Y	pkg=ru.yandex.yandexmaps m=NONE d=30m road='просп. Героев Сталинграда' eta=240s balloon=true
12:59:35.030	I	YA11Y	pkg=ru.yandex.yandexmaps m=NONE d=20m road='просп. Героев Сталинграда' eta=240s balloon=true
12:59:35.788	I	YA11Y	pkg=ru.yandex.yandexmaps m=NONE d=20m road='просп. Героев Сталинграда' eta=240s balloon=true
12:59:36.357	I	YA11Y	pkg=ru.yandex.yandexmaps m=NONE d=20m road='просп. Героев Сталинграда' eta=240s balloon=true
12:59:37.052	I	YA11Y	pkg=ru.yandex.yandexmaps m=NONE d=90m road='' eta=240s balloon=true
12:59:37.610	I	YA11Y	pkg=ru.yandex.yandexmaps m=NONE d=90m road='' eta=240s balloon=true
12:59:37.659	I	LOOP	tick #420 rc=0 m=2(GAODE) tag=f28 pk d=90
12:59:38.442	I	YA11Y	pkg=ru.yandex.yandexmaps m=NONE d=80m road='' eta=240s balloon=true
12:59:39.033	I	YA11Y	node d=18 vid=ru.yandex.yandexmaps:id/statusPanel cls=android.widget.TextView t='просп. Октябрьской Революции' desc=''
12:59:39.040	I	YA11Y	node d=21 vid=ru.yandex.yandexmaps:id/textview_eta_distance cls=android.widget.TextView t='1,8 км' desc=''
12:59:39.042	I	YA11Y	node d=21 vid=ru.yandex.yandexmaps:id/textview_eta_arrival cls=android.widget.TextView t='13:03' desc=''
12:59:39.045	I	YA11Y	node d=21 vid=ru.yandex.yandexmaps:id/textview_eta_time cls=android.widget.TextView t='4 мин' desc=''
12:59:39.047	I	YA11Y	node d=17 vid=ru.yandex.yandexmaps:id/text_maneuverballoon_distance cls=android.widget.TextView t='70' desc=''
12:59:39.048	I	YA11Y	node d=17 vid=ru.yandex.yandexmaps:id/text_maneuverballoon_metrics cls=android.widget.TextView t='м' desc=''
12:59:39.050	I	YA11Y	node d=17 vid=ru.yandex.yandexmaps:id/text_speed_value cls=android.widget.TextView t='34' desc=''
12:59:39.051	I	YA11Y	node d=17 vid=ru.yandex.yandexmaps:id/text_speedlimit cls=android.widget.TextView t='60' desc=''
12:59:39.053	I	YA11Y	node d=10 vid=ru.yandex.yandexmaps:id/top_notification_title cls=android.widget.TextView t='Можно повысить точность геолокации' desc=''
12:59:39.054	I	YA11Y	pkg=ru.yandex.yandexmaps m=NONE d=70m road='' eta=240s balloon=true
12:59:39.612	I	YA11Y	pkg=ru.yandex.yandexmaps m=NONE d=60m road='' eta=240s balloon=true
12:59:40.492	I	YA11Y	pkg=ru.yandex.yandexmaps m=NONE d=60m road='' eta=240s balloon=true
12:59:41.034	I	YA11Y	pkg=ru.yandex.yandexmaps m=NONE d=50m road='' eta=240s balloon=true
12:59:41.530	I	YA11Y	pkg=ru.yandex.yandexmaps m=NONE d=50m road='' eta=240s balloon=true
12:59:42.102	I	YA11Y	pkg=ru.yandex.yandexmaps m=NONE d=40m road='' eta=240s balloon=true
12:59:42.664	I	YA11Y	pkg=ru.yandex.yandexmaps m=NONE d=30m road='' eta=240s balloon=true
12:59:43.380	I	YA11Y	pkg=ru.yandex.yandexmaps m=NONE d=20m road='' eta=240s balloon=true
12:59:44.270	I	YA11Y	node d=18 vid=ru.yandex.yandexmaps:id/statusPanel cls=android.widget.TextView t='просп. Октябрьской Революции' desc=''
12:59:44.278	I	YA11Y	node d=21 vid=ru.yandex.yandexmaps:id/textview_eta_distance cls=android.widget.TextView t='1,7 км' desc=''
12:59:44.280	I	YA11Y	node d=21 vid=ru.yandex.yandexmaps:id/textview_eta_arrival cls=android.widget.TextView t='13:03' desc=''
12:59:44.281	I	YA11Y	node d=21 vid=ru.yandex.yandexmaps:id/textview_eta_time cls=android.widget.TextView t='4 мин' desc=''
12:59:44.283	I	YA11Y	node d=17 vid=ru.yandex.yandexmaps:id/text_maneuverballoon_distance cls=android.widget.TextView t='20' desc=''
12:59:44.287	I	YA11Y	node d=17 vid=ru.yandex.yandexmaps:id/text_maneuverballoon_metrics cls=android.widget.TextView t='м' desc=''
12:59:44.289	I	YA11Y	node d=17 vid=ru.yandex.yandexmaps:id/text_speed_value cls=android.widget.TextView t='31' desc=''
12:59:44.291	I	YA11Y	node d=17 vid=ru.yandex.yandexmaps:id/text_speedlimit cls=android.widget.TextView t='60' desc=''
12:59:44.293	I	YA11Y	node d=10 vid=ru.yandex.yandexmaps:id/top_notification_title cls=android.widget.TextView t='Можно повысить точность геолокации' desc=''
12:59:44.294	I	YA11Y	pkg=ru.yandex.yandexmaps m=NONE d=20m road='' eta=240s balloon=true
12:59:45.053	I	YA11Y	pkg=ru.yandex.yandexmaps m=NONE d=20m road='' eta=240s balloon=true
12:59:45.678	I	YA11Y	pkg=ru.yandex.yandexmaps m=NONE d=1700m road='' eta=240s balloon=true
12:59:46.175	I	YA11Y	pkg=ru.yandex.yandexmaps m=NONE d=1700m road='' eta=240s balloon=true
12:59:46.700	I	YA11Y	pkg=ru.yandex.yandexmaps m=NONE d=1700m road='' eta=240s balloon=true
12:59:47.373	I	YA11Y	pkg=ru.yandex.yandexmaps m=NONE d=1700m road='' eta=240s balloon=true
12:59:47.753	I	LOOP	tick #430 rc=0 m=2(GAODE) tag=f28 pk d=1700
12:59:48.259	I	YA11Y	pkg=ru.yandex.yandexmaps m=NONE d=1700m road='' eta=240s balloon=true
12:59:48.780	I	YA11Y	pkg=ru.yandex.yandexmaps m=NONE d=1700m road='' eta=240s balloon=true
12:59:49.802	I	YA11Y	node d=18 vid=ru.yandex.yandexmaps:id/statusPanel cls=android.widget.TextView t='просп. Героев Сталинграда' desc=''
12:59:49.808	I	YA11Y	node d=21 vid=ru.yandex.yandexmaps:id/textview_eta_distance cls=android.widget.TextView t='1,7 км' desc=''
12:59:49.811	I	YA11Y	node d=21 vid=ru.yandex.yandexmaps:id/textview_eta_arrival cls=android.widget.TextView t='13:03' desc=''
12:59:49.813	I	YA11Y	node d=21 vid=ru.yandex.yandexmaps:id/textview_eta_time cls=android.widget.TextView t='4 мин' desc=''
12:59:49.814	I	YA11Y	node d=17 vid=ru.yandex.yandexmaps:id/text_maneuverballoon_distance cls=android.widget.TextView t='1.5' desc=''
12:59:49.817	I	YA11Y	node d=17 vid=ru.yandex.yandexmaps:id/text_maneuverballoon_metrics cls=android.widget.TextView t='км' desc=''
12:59:49.819	I	YA11Y	node d=17 vid=ru.yandex.yandexmaps:id/text_speed_value cls=android.widget.TextView t='44' desc=''
12:59:49.822	I	YA11Y	node d=17 vid=ru.yandex.yandexmaps:id/text_speedlimit cls=android.widget.TextView t='60' desc=''
12:59:49.824	I	YA11Y	node d=10 vid=ru.yandex.yandexmaps:id/top_notification_title cls=android.widget.TextView t='Можно повысить точность геолокации' desc=''
12:59:49.827	I	YA11Y	pkg=ru.yandex.yandexmaps m=NONE d=1700m road='' eta=240s balloon=true
12:59:50.737	I	YA11Y	pkg=ru.yandex.yandexmaps m=NONE d=1700m road='' eta=240s balloon=true
12:59:51.338	I	YA11Y	pkg=ru.yandex.yandexmaps m=NONE d=1700m road='' eta=240s balloon=true
12:59:51.884	I	YA11Y	pkg=ru.yandex.yandexmaps m=NONE d=1600m road='' eta=240s balloon=true
12:59:52.916	I	YA11Y	pkg=ru.yandex.yandexmaps m=NONE d=1600m road='' eta=240s balloon=true
12:59:53.644	I	YA11Y	pkg=ru.yandex.yandexmaps m=NONE d=1600m road='' eta=240s balloon=true
12:59:54.327	I	YA11Y	pkg=ru.yandex.yandexmaps m=NONE d=1600m road='' eta=240s balloon=true
12:59:54.992	I	YA11Y	node d=18 vid=ru.yandex.yandexmaps:id/statusPanel cls=android.widget.TextView t='просп. Героев Сталинграда' desc=''
12:59:54.994	I	YA11Y	node d=21 vid=ru.yandex.yandexmaps:id/textview_eta_distance cls=android.widget.TextView t='1,6 км' desc=''
12:59:54.996	I	YA11Y	node d=21 vid=ru.yandex.yandexmaps:id/textview_eta_arrival cls=android.widget.TextView t='13:03' desc=''
12:59:55.001	I	YA11Y	node d=21 vid=ru.yandex.yandexmaps:id/textview_eta_time cls=android.widget.TextView t='4 мин' desc=''
12:59:55.003	I	YA11Y	node d=17 vid=ru.yandex.yandexmaps:id/text_maneuverballoon_distance cls=android.widget.TextView t='1.4' desc=''
12:59:55.005	I	YA11Y	node d=17 vid=ru.yandex.yandexmaps:id/text_maneuverballoon_metrics cls=android.widget.TextView t='км' desc=''
12:59:55.008	I	YA11Y	node d=17 vid=ru.yandex.yandexmaps:id/text_speed_value cls=android.widget.TextView t='51' desc=''
12:59:55.010	I	YA11Y	node d=17 vid=ru.yandex.yandexmaps:id/text_speedlimit cls=android.widget.TextView t='60' desc=''
12:59:55.012	I	YA11Y	node d=10 vid=ru.yandex.yandexmaps:id/top_notification_title cls=android.widget.TextView t='Можно повысить точность геолокации' desc=''
12:59:55.014	I	YA11Y	pkg=ru.yandex.yandexmaps m=NONE d=1600m road='' eta=240s balloon=true
12:59:55.727	I	YA11Y	pkg=ru.yandex.yandexmaps m=NONE d=1600m road='' eta=240s balloon=true
12:59:56.401	I	YA11Y	pkg=ru.yandex.yandexmaps m=NONE d=1600m road='' eta=240s balloon=true
12:59:57.076	I	YA11Y	pkg=ru.yandex.yandexmaps m=NONE d=1600m road='' eta=240s balloon=true
12:59:57.695	I	YA11Y	pkg=ru.yandex.yandexmaps m=NONE d=1600m road='' eta=240s balloon=true
12:59:57.872	I	LOOP	tick #440 rc=0 m=2(GAODE) tag=f28 pk d=1600
12:59:58.288	I	YA11Y	pkg=ru.yandex.yandexmaps m=NONE d=1600m road='' eta=180s balloon=true
12:59:58.800	I	YA11Y	pkg=ru.yandex.yandexmaps m=NONE d=1500m road='' eta=180s balloon=true
12:59:59.620	I	YA11Y	pkg=ru.yandex.yandexmaps m=NONE d=1500m road='' eta=180s balloon=true
13:00:00.195	I	YA11Y	node d=18 vid=ru.yandex.yandexmaps:id/statusPanel cls=android.widget.TextView t='просп. Героев Сталинграда' desc=''
13:00:00.197	I	YA11Y	node d=21 vid=ru.yandex.yandexmaps:id/textview_eta_distance cls=android.widget.TextView t='1,5 км' desc=''
13:00:00.200	I	YA11Y	node d=21 vid=ru.yandex.yandexmaps:id/textview_eta_arrival cls=android.widget.TextView t='13:03' desc=''
13:00:00.203	I	YA11Y	node d=21 vid=ru.yandex.yandexmaps:id/textview_eta_time cls=android.widget.TextView t='3 мин' desc=''
13:00:00.207	I	YA11Y	node d=17 vid=ru.yandex.yandexmaps:id/text_maneuverballoon_distance cls=android.widget.TextView t='1.3' desc=''
13:00:00.211	I	YA11Y	node d=17 vid=ru.yandex.yandexmaps:id/text_maneuverballoon_metrics cls=android.widget.TextView t='км' desc=''
13:00:00.215	I	YA11Y	node d=17 vid=ru.yandex.yandexmaps:id/text_speed_value cls=android.widget.TextView t='56' desc=''
13:00:00.218	I	YA11Y	node d=17 vid=ru.yandex.yandexmaps:id/text_speedlimit cls=android.widget.TextView t='60' desc=''
13:00:00.220	I	YA11Y	node d=10 vid=ru.yandex.yandexmaps:id/top_notification_title cls=android.widget.TextView t='Можно повысить точность геолокации' desc=''
13:00:00.223	I	YA11Y	pkg=ru.yandex.yandexmaps m=NONE d=1500m road='' eta=180s balloon=true
13:00:00.939	I	YA11Y	pkg=ru.yandex.yandexmaps m=NONE d=1500m road='' eta=180s balloon=true
13:00:01.600	I	YA11Y	pkg=ru.yandex.yandexmaps m=NONE d=1500m road='' eta=180s balloon=true
13:00:02.225	I	YA11Y	pkg=ru.yandex.yandexmaps m=NONE d=1500m road='' eta=180s balloon=true
13:00:02.889	I	YA11Y	pkg=ru.yandex.yandexmaps m=NONE d=1500m road='' eta=180s balloon=true
13:00:03.492	I	YA11Y	pkg=ru.yandex.yandexmaps m=NONE d=1500m road='' eta=180s balloon=true
13:00:04.174	I	YA11Y	pkg=ru.yandex.yandexmaps m=NONE d=1500m road='' eta=180s balloon=true
13:00:04.773	I	YA11Y	pkg=ru.yandex.yandexmaps m=NONE d=1500m road='' eta=180s balloon=true
13:00:05.344	I	YA11Y	node d=18 vid=ru.yandex.yandexmaps:id/statusPanel cls=android.widget.TextView t='просп. Героев Сталинграда' desc=''
13:00:05.346	I	YA11Y	node d=21 vid=ru.yandex.yandexmaps:id/textview_eta_distance cls=android.widget.TextView t='1,4 км' desc=''
13:00:05.348	I	YA11Y	node d=21 vid=ru.yandex.yandexmaps:id/textview_eta_arrival cls=android.widget.TextView t='13:03' desc=''
13:00:05.350	I	YA11Y	node d=21 vid=ru.yandex.yandexmaps:id/textview_eta_time cls=android.widget.TextView t='3 мин' desc=''
13:00:05.352	I	YA11Y	node d=17 vid=ru.yandex.yandexmaps:id/text_maneuverballoon_distance cls=android.widget.TextView t='1.3' desc=''
13:00:05.353	I	YA11Y	node d=17 vid=ru.yandex.yandexmaps:id/text_maneuverballoon_metrics cls=android.widget.TextView t='км' desc=''
13:00:05.355	I	YA11Y	node d=17 vid=ru.yandex.yandexmaps:id/text_speed_value cls=android.widget.TextView t='54' desc=''
13:00:05.358	I	YA11Y	node d=17 vid=ru.yandex.yandexmaps:id/text_speedlimit cls=android.widget.TextView t='60' desc=''
13:00:05.360	I	YA11Y	node d=10 vid=ru.yandex.yandexmaps:id/top_notification_title cls=android.widget.TextView t='Можно повысить точность геолокации' desc=''
13:00:05.362	I	YA11Y	pkg=ru.yandex.yandexmaps m=NONE d=1400m road='' eta=180s balloon=true
13:00:05.991	I	YA11Y	pkg=ru.yandex.yandexmaps m=NONE d=1400m road='' eta=180s balloon=true
13:00:06.593	I	YA11Y	pkg=ru.yandex.yandexmaps m=NONE d=1400m road='' eta=180s balloon=true
13:00:07.130	I	YA11Y	pkg=ru.yandex.yandexmaps m=NONE d=1400m road='' eta=180s balloon=true
13:00:07.840	I	YA11Y	pkg=ru.yandex.yandexmaps m=NONE d=1400m road='' eta=180s balloon=true
13:00:07.982	I	LOOP	tick #450 rc=0 m=2(GAODE) tag=f28 pk d=1400
13:00:08.512	I	YA11Y	pkg=ru.yandex.yandexmaps m=NONE d=1400m road='' eta=180s balloon=true
13:00:09.061	I	YA11Y	pkg=ru.yandex.yandexmaps m=NONE d=1400m road='' eta=180s balloon=true
13:00:09.557	I	YA11Y	pkg=ru.yandex.yandexmaps m=NONE d=1400m road='' eta=180s balloon=true
13:00:10.400	I	YA11Y	node d=18 vid=ru.yandex.yandexmaps:id/statusPanel cls=android.widget.TextView t='просп. Героев Сталинграда' desc=''
13:00:10.406	I	YA11Y	node d=21 vid=ru.yandex.yandexmaps:id/textview_eta_distance cls=android.widget.TextView t='1,4 км' desc=''
13:00:10.408	I	YA11Y	node d=21 vid=ru.yandex.yandexmaps:id/textview_eta_arrival cls=android.widget.TextView t='13:03' desc=''
13:00:10.410	I	YA11Y	node d=21 vid=ru.yandex.yandexmaps:id/textview_eta_time cls=android.widget.TextView t='3 мин' desc=''
13:00:10.412	I	YA11Y	node d=17 vid=ru.yandex.yandexmaps:id/text_maneuverballoon_distance cls=android.widget.TextView t='1.2' desc=''
13:00:10.413	I	YA11Y	node d=17 vid=ru.yandex.yandexmaps:id/text_maneuverballoon_metrics cls=android.widget.TextView t='км' desc=''
13:00:10.415	I	YA11Y	node d=17 vid=ru.yandex.yandexmaps:id/text_speed_value cls=android.widget.TextView t='50' desc=''
13:00:10.417	I	YA11Y	node d=17 vid=ru.yandex.yandexmaps:id/text_speedlimit cls=android.widget.TextView t='60' desc=''
13:00:10.424	I	YA11Y	node d=10 vid=ru.yandex.yandexmaps:id/top_notification_title cls=android.widget.TextView t='Можно повысить точность геолокации' desc=''
13:00:10.427	I	YA11Y	pkg=ru.yandex.yandexmaps m=NONE d=1400m road='' eta=180s balloon=true
13:00:11.054	I	YA11Y	pkg=ru.yandex.yandexmaps m=NONE d=1400m road='' eta=180s balloon=true
13:00:11.641	I	YA11Y	pkg=ru.yandex.yandexmaps m=NONE d=1300m road='' eta=180s balloon=true
13:00:12.672	I	YA11Y	pkg=ru.yandex.yandexmaps m=NONE d=1300m road='' eta=180s balloon=true
13:00:13.561	I	YA11Y	pkg=ru.yandex.yandexmaps m=NONE d=1300m road='' eta=180s balloon=true
13:00:14.381	I	YA11Y	pkg=ru.yandex.yandexmaps m=NONE d=1300m road='' eta=180s balloon=true
13:00:15.052	I	YA11Y	pkg=ru.yandex.yandexmaps m=NONE d=1300m road='' eta=180s balloon=true
13:00:15.799	I	YA11Y	node d=18 vid=ru.yandex.yandexmaps:id/statusPanel cls=android.widget.TextView t='просп. Героев Сталинграда' desc=''
13:00:15.802	I	YA11Y	node d=21 vid=ru.yandex.yandexmaps:id/textview_eta_distance cls=android.widget.TextView t='1,3 км' desc=''
13:00:15.804	I	YA11Y	node d=21 vid=ru.yandex.yandexmaps:id/textview_eta_arrival cls=android.widget.TextView t='13:03' desc=''
13:00:15.807	I	YA11Y	node d=21 vid=ru.yandex.yandexmaps:id/textview_eta_time cls=android.widget.TextView t='3 мин' desc=''
13:00:15.809	I	YA11Y	node d=17 vid=ru.yandex.yandexmaps:id/text_maneuverballoon_distance cls=android.widget.TextView t='1.1' desc=''
13:00:15.810	I	YA11Y	node d=17 vid=ru.yandex.yandexmaps:id/text_maneuverballoon_metrics cls=android.widget.TextView t='км' desc=''
13:00:15.812	I	YA11Y	node d=17 vid=ru.yandex.yandexmaps:id/text_speed_value cls=android.widget.TextView t='41' desc=''
13:00:15.816	I	YA11Y	node d=17 vid=ru.yandex.yandexmaps:id/text_speedlimit cls=android.widget.TextView t='60' desc=''
13:00:15.819	I	YA11Y	node d=10 vid=ru.yandex.yandexmaps:id/top_notification_title cls=android.widget.TextView t='Можно повысить точность геолокации' desc=''
13:00:15.823	I	YA11Y	pkg=ru.yandex.yandexmaps m=NONE d=1300m road='' eta=180s balloon=true
13:00:16.830	I	YA11Y	pkg=ru.yandex.yandexmaps m=NONE d=1300m road='' eta=180s balloon=true
13:00:17.861	I	YA11Y	pkg=ru.yandex.yandexmaps m=NONE d=1300m road='' eta=180s balloon=true
13:00:18.084	I	LOOP	tick #460 rc=0 m=2(GAODE) tag=f28 pk d=1300
13:00:18.890	I	YA11Y	pkg=ru.yandex.yandexmaps m=NONE d=1300m road='' eta=180s balloon=true
13:00:19.584	I	YA11Y	pkg=ru.yandex.yandexmaps m=NONE d=1300m road='' eta=180s balloon=true
13:00:20.269	I	YA11Y	pkg=ru.yandex.yandexmaps m=NONE d=1200m road='' eta=180s balloon=true
13:00:20.982	I	YA11Y	node d=18 vid=ru.yandex.yandexmaps:id/statusPanel cls=android.widget.TextView t='просп. Героев Сталинграда' desc=''
13:00:20.985	I	YA11Y	node d=21 vid=ru.yandex.yandexmaps:id/textview_eta_distance cls=android.widget.TextView t='1,2 км' desc=''
13:00:20.987	I	YA11Y	node d=21 vid=ru.yandex.yandexmaps:id/textview_eta_arrival cls=android.widget.TextView t='13:03' desc=''
13:00:20.988	I	YA11Y	node d=21 vid=ru.yandex.yandexmaps:id/textview_eta_time cls=android.widget.TextView t='3 мин' desc=''
13:00:20.990	I	YA11Y	node d=17 vid=ru.yandex.yandexmaps:id/text_maneuverballoon_distance cls=android.widget.TextView t='1.1' desc=''
13:00:20.991	I	YA11Y	node d=17 vid=ru.yandex.yandexmaps:id/text_maneuverballoon_metrics cls=android.widget.TextView t='км' desc=''
13:00:20.993	I	YA11Y	node d=17 vid=ru.yandex.yandexmaps:id/text_speed_value cls=android.widget.TextView t='31' desc=''
13:00:20.994	I	YA11Y	node d=17 vid=ru.yandex.yandexmaps:id/text_speedlimit cls=android.widget.TextView t='60' desc=''
13:00:20.999	I	YA11Y	node d=10 vid=ru.yandex.yandexmaps:id/top_notification_title cls=android.widget.TextView t='Можно повысить точность геолокации' desc=''
13:00:21.002	I	YA11Y	pkg=ru.yandex.yandexmaps m=NONE d=1200m road='' eta=180s balloon=true
13:00:22.014	I	YA11Y	pkg=ru.yandex.yandexmaps m=NONE d=1200m road='' eta=180s balloon=true
13:00:22.558	I	YA11Y	pkg=ru.yandex.yandexmaps m=NONE d=1200m road='' eta=180s balloon=true
13:00:23.138	I	YA11Y	pkg=ru.yandex.yandexmaps m=NONE d=1200m road='' eta=180s balloon=true
13:00:23.869	I	YA11Y	pkg=ru.yandex.yandexmaps m=NONE d=1000m road='' eta=180s balloon=true
13:00:24.390	I	YA11Y	pkg=ru.yandex.yandexmaps m=NONE d=1000m road='' eta=180s balloon=true
13:00:25.038	I	YA11Y	pkg=ru.yandex.yandexmaps m=NONE d=1000m road='' eta=180s balloon=true
13:00:26.160	I	YA11Y	node d=18 vid=ru.yandex.yandexmaps:id/statusPanel cls=android.widget.TextView t='просп. Героев Сталинграда' desc=''
13:00:26.162	I	YA11Y	node d=21 vid=ru.yandex.yandexmaps:id/textview_eta_distance cls=android.widget.TextView t='1,2 км' desc=''
13:00:26.165	I	YA11Y	node d=21 vid=ru.yandex.yandexmaps:id/textview_eta_arrival cls=android.widget.TextView t='13:03' desc=''
13:00:26.167	I	YA11Y	node d=21 vid=ru.yandex.yandexmaps:id/textview_eta_time cls=android.widget.TextView t='3 мин' desc=''
13:00:26.169	I	YA11Y	node d=17 vid=ru.yandex.yandexmaps:id/text_maneuverballoon_distance cls=android.widget.TextView t='1' desc=''
13:00:26.170	I	YA11Y	node d=17 vid=ru.yandex.yandexmaps:id/text_maneuverballoon_metrics cls=android.widget.TextView t='км' desc=''
13:00:26.172	I	YA11Y	node d=17 vid=ru.yandex.yandexmaps:id/text_speed_value cls=android.widget.TextView t='43' desc=''
13:00:26.174	I	YA11Y	node d=17 vid=ru.yandex.yandexmaps:id/text_speedlimit cls=android.widget.TextView t='60' desc=''
13:00:26.176	I	YA11Y	node d=10 vid=ru.yandex.yandexmaps:id/top_notification_title cls=android.widget.TextView t='Можно повысить точность геолокации' desc=''
13:00:26.178	I	YA11Y	pkg=ru.yandex.yandexmaps m=NONE d=1000m road='' eta=180s balloon=true
13:00:27.032	I	YA11Y	pkg=ru.yandex.yandexmaps m=NONE d=1000m road='' eta=180s balloon=true
13:00:28.132	I	YA11Y	pkg=ru.yandex.yandexmaps m=NONE d=1000m road='' eta=180s balloon=true
13:00:28.232	I	LOOP	tick #470 rc=0 m=2(GAODE) tag=f28 pk d=1000
13:00:28.985	I	YA11Y	pkg=ru.yandex.yandexmaps m=NONE d=1000m road='' eta=180s balloon=true
13:00:29.834	I	YA11Y	pkg=ru.yandex.yandexmaps m=NONE d=990m road='' eta=180s balloon=true
13:00:30.537	I	YA11Y	pkg=ru.yandex.yandexmaps m=NONE d=980m road='' eta=180s balloon=true
13:00:31.078	I	YA11Y	pkg=ru.yandex.yandexmaps m=NONE d=980m road='' eta=180s balloon=true
13:00:31.994	I	YA11Y	node d=18 vid=ru.yandex.yandexmaps:id/statusPanel cls=android.widget.TextView t='просп. Героев Сталинграда' desc=''
13:00:31.996	I	YA11Y	node d=21 vid=ru.yandex.yandexmaps:id/textview_eta_distance cls=android.widget.TextView t='1,1 км' desc=''
13:00:31.997	I	YA11Y	node d=21 vid=ru.yandex.yandexmaps:id/textview_eta_arrival cls=android.widget.TextView t='13:03' desc=''
13:00:31.999	I	YA11Y	node d=21 vid=ru.yandex.yandexmaps:id/textview_eta_time cls=android.widget.TextView t='3 мин' desc=''
13:00:32.007	I	YA11Y	node d=17 vid=ru.yandex.yandexmaps:id/text_maneuverballoon_distance cls=android.widget.TextView t='960' desc=''
13:00:32.009	I	YA11Y	node d=17 vid=ru.yandex.yandexmaps:id/text_maneuverballoon_metrics cls=android.widget.TextView t='м' desc=''
13:00:32.011	I	YA11Y	node d=17 vid=ru.yandex.yandexmaps:id/text_speed_value cls=android.widget.TextView t='45' desc=''
13:00:32.013	I	YA11Y	node d=17 vid=ru.yandex.yandexmaps:id/text_speedlimit cls=android.widget.TextView t='60' desc=''
13:00:32.017	I	YA11Y	node d=10 vid=ru.yandex.yandexmaps:id/top_notification_title cls=android.widget.TextView t='Можно повысить точность геолокации' desc=''
13:00:32.020	I	YA11Y	pkg=ru.yandex.yandexmaps m=NONE d=960m road='' eta=180s balloon=true
13:00:32.669	I	YA11Y	pkg=ru.yandex.yandexmaps m=NONE d=950m road='' eta=180s balloon=true
13:00:33.324	I	YA11Y	pkg=ru.yandex.yandexmaps m=NONE d=940m road='' eta=120s balloon=true
13:00:34.049	I	YA11Y	pkg=ru.yandex.yandexmaps m=NONE d=930m road='' eta=120s balloon=true
13:00:34.717	I	YA11Y	pkg=ru.yandex.yandexmaps m=NONE d=920m road='' eta=120s balloon=true
13:00:35.465	I	YA11Y	pkg=ru.yandex.yandexmaps m=NONE d=910m road='' eta=120s balloon=true
13:00:36.029	I	YA11Y	pkg=ru.yandex.yandexmaps m=NONE d=900m road='' eta=120s balloon=true
13:00:36.797	I	YA11Y	pkg=ru.yandex.yandexmaps m=NONE d=890m road='' eta=120s balloon=true
13:00:37.474	I	YA11Y	node d=18 vid=ru.yandex.yandexmaps:id/statusPanel cls=android.widget.TextView t='просп. Героев Сталинграда' desc=''
13:00:37.476	I	YA11Y	node d=21 vid=ru.yandex.yandexmaps:id/textview_eta_distance cls=android.widget.TextView t='1,1 км' desc=''
13:00:37.479	I	YA11Y	node d=21 vid=ru.yandex.yandexmaps:id/textview_eta_arrival cls=android.widget.TextView t='13:03' desc=''
13:00:37.482	I	YA11Y	node d=21 vid=ru.yandex.yandexmaps:id/textview_eta_time cls=android.widget.TextView t='2 мин' desc=''
13:00:37.483	I	YA11Y	node d=17 vid=ru.yandex.yandexmaps:id/text_maneuverballoon_distance cls=android.widget.TextView t='880' desc=''
13:00:37.485	I	YA11Y	node d=17 vid=ru.yandex.yandexmaps:id/text_maneuverballoon_metrics cls=android.widget.TextView t='м' desc=''
13:00:37.487	I	YA11Y	node d=17 vid=ru.yandex.yandexmaps:id/text_speed_value cls=android.widget.TextView t='47' desc=''
13:00:37.490	I	YA11Y	node d=17 vid=ru.yandex.yandexmaps:id/text_speedlimit cls=android.widget.TextView t='60' desc=''
13:00:37.492	I	YA11Y	node d=10 vid=ru.yandex.yandexmaps:id/top_notification_title cls=android.widget.TextView t='Можно повысить точность геолокации' desc=''
13:00:37.495	I	YA11Y	pkg=ru.yandex.yandexmaps m=NONE d=880m road='' eta=120s balloon=true
13:00:38.109	I	YA11Y	pkg=ru.yandex.yandexmaps m=NONE d=870m road='' eta=120s balloon=true
13:00:38.351	I	LOOP	tick #480 rc=0 m=2(GAODE) tag=f28 pk d=870
13:00:38.671	I	YA11Y	pkg=ru.yandex.yandexmaps m=NONE d=870m road='' eta=120s balloon=true
13:00:39.516	I	YA11Y	pkg=ru.yandex.yandexmaps m=NONE d=850m road='' eta=120s balloon=true
13:00:40.239	I	YA11Y	pkg=ru.yandex.yandexmaps m=NONE d=840m road='' eta=120s balloon=true
13:00:41.037	I	YA11Y	pkg=ru.yandex.yandexmaps m=NONE d=830m road='' eta=120s balloon=true
13:00:41.698	I	YA11Y	pkg=ru.yandex.yandexmaps m=NONE d=830m road='' eta=120s balloon=true
13:00:42.554	I	YA11Y	node d=18 vid=ru.yandex.yandexmaps:id/statusPanel cls=android.widget.TextView t='просп. Героев Сталинграда' desc=''
13:00:42.556	I	YA11Y	node d=21 vid=ru.yandex.yandexmaps:id/textview_eta_distance cls=android.widget.TextView t='980 м' desc=''
13:00:42.558	I	YA11Y	node d=21 vid=ru.yandex.yandexmaps:id/textview_eta_arrival cls=android.widget.TextView t='13:02' desc=''
13:00:42.559	I	YA11Y	node d=21 vid=ru.yandex.yandexmaps:id/textview_eta_time cls=android.widget.TextView t='2 мин' desc=''
13:00:42.561	I	YA11Y	node d=17 vid=ru.yandex.yandexmaps:id/text_maneuverballoon_distance cls=android.widget.TextView t='820' desc=''
13:00:42.562	I	YA11Y	node d=17 vid=ru.yandex.yandexmaps:id/text_maneuverballoon_metrics cls=android.widget.TextView t='м' desc=''
13:00:42.564	I	YA11Y	node d=17 vid=ru.yandex.yandexmaps:id/text_speed_value cls=android.widget.TextView t='39' desc=''
13:00:42.566	I	YA11Y	node d=17 vid=ru.yandex.yandexmaps:id/text_speedlimit cls=android.widget.TextView t='60' desc=''
13:00:42.568	I	YA11Y	node d=10 vid=ru.yandex.yandexmaps:id/top_notification_title cls=android.widget.TextView t='Можно повысить точность геолокации' desc=''
13:00:42.570	I	YA11Y	pkg=ru.yandex.yandexmaps m=NONE d=820m road='' eta=120s balloon=true
13:00:43.156	I	YA11Y	pkg=ru.yandex.yandexmaps m=NONE d=810m road='' eta=120s balloon=true
13:00:43.751	I	YA11Y	pkg=ru.yandex.yandexmaps m=NONE d=800m road='' eta=120s balloon=true
13:00:44.436	I	YA11Y	pkg=ru.yandex.yandexmaps m=NONE d=800m road='' eta=120s balloon=true
13:00:45.079	I	YA11Y	pkg=ru.yandex.yandexmaps m=NONE d=790m road='' eta=120s balloon=true
13:00:45.582	I	YA11Y	pkg=ru.yandex.yandexmaps m=NONE d=790m road='' eta=120s balloon=true
13:00:46.468	I	YA11Y	pkg=ru.yandex.yandexmaps m=NONE d=780m road='' eta=120s balloon=true
13:00:47.042	I	YA11Y	pkg=ru.yandex.yandexmaps m=NONE d=770m road='' eta=120s balloon=true
13:00:47.684	I	YA11Y	node d=18 vid=ru.yandex.yandexmaps:id/statusPanel cls=android.widget.TextView t='просп. Героев Сталинграда' desc=''
13:00:47.687	I	YA11Y	node d=21 vid=ru.yandex.yandexmaps:id/textview_eta_distance cls=android.widget.TextView t='930 м' desc=''
13:00:47.689	I	YA11Y	node d=21 vid=ru.yandex.yandexmaps:id/textview_eta_arrival cls=android.widget.TextView t='13:02' desc=''
13:00:47.691	I	YA11Y	node d=21 vid=ru.yandex.yandexmaps:id/textview_eta_time cls=android.widget.TextView t='2 мин' desc=''
13:00:47.694	I	YA11Y	node d=17 vid=ru.yandex.yandexmaps:id/text_maneuverballoon_distance cls=android.widget.TextView t='760' desc=''
13:00:47.697	I	YA11Y	node d=17 vid=ru.yandex.yandexmaps:id/text_maneuverballoon_metrics cls=android.widget.TextView t='м' desc=''
13:00:47.699	I	YA11Y	node d=17 vid=ru.yandex.yandexmaps:id/text_speed_value cls=android.widget.TextView t='45' desc=''
13:00:47.703	I	YA11Y	node d=17 vid=ru.yandex.yandexmaps:id/text_speedlimit cls=android.widget.TextView t='60' desc=''
13:00:47.706	I	YA11Y	node d=10 vid=ru.yandex.yandexmaps:id/top_notification_title cls=android.widget.TextView t='Можно повысить точность геолокации' desc=''
13:00:47.708	I	YA11Y	pkg=ru.yandex.yandexmaps m=NONE d=760m road='' eta=120s balloon=true
13:00:48.165	I	YA11Y	pkg=ru.yandex.yandexmaps m=NONE d=760m road='' eta=120s balloon=true
13:00:48.442	I	LOOP	tick #490 rc=0 m=2(GAODE) tag=f28 pk d=760
13:00:48.972	I	YA11Y	pkg=ru.yandex.yandexmaps m=NONE d=750m road='' eta=120s balloon=true
13:00:49.863	I	YA11Y	pkg=ru.yandex.yandexmaps m=NONE d=740m road='' eta=120s balloon=true
13:00:50.390	I	YA11Y	pkg=ru.yandex.yandexmaps m=NONE d=730m road='' eta=120s balloon=true
13:00:50.969	I	YA11Y	pkg=ru.yandex.yandexmaps m=NONE d=720m road='' eta=120s balloon=true
13:00:51.565	I	YA11Y	pkg=ru.yandex.yandexmaps m=NONE d=710m road='' eta=120s balloon=true
13:00:52.079	I	YA11Y	pkg=ru.yandex.yandexmaps m=NONE d=710m road='' eta=120s balloon=true
13:00:52.971	I	YA11Y	node d=18 vid=ru.yandex.yandexmaps:id/statusPanel cls=android.widget.TextView t='просп. Героев Сталинграда' desc=''
13:00:52.975	I	YA11Y	node d=21 vid=ru.yandex.yandexmaps:id/textview_eta_distance cls=android.widget.TextView t='860 м' desc=''
13:00:52.979	I	YA11Y	node d=21 vid=ru.yandex.yandexmaps:id/textview_eta_arrival cls=android.widget.TextView t='13:02' desc=''
13:00:52.982	I	YA11Y	node d=21 vid=ru.yandex.yandexmaps:id/textview_eta_time cls=android.widget.TextView t='2 мин' desc=''
13:00:52.989	I	YA11Y	node d=17 vid=ru.yandex.yandexmaps:id/text_maneuverballoon_distance cls=android.widget.TextView t='700' desc=''
13:00:52.992	I	YA11Y	node d=17 vid=ru.yandex.yandexmaps:id/text_maneuverballoon_metrics cls=android.widget.TextView t='м' desc=''
13:00:52.994	I	YA11Y	node d=17 vid=ru.yandex.yandexmaps:id/text_speed_value cls=android.widget.TextView t='48' desc=''
13:00:52.996	I	YA11Y	node d=17 vid=ru.yandex.yandexmaps:id/text_speedlimit cls=android.widget.TextView t='60' desc=''
13:00:52.998	I	YA11Y	node d=10 vid=ru.yandex.yandexmaps:id/top_notification_title cls=android.widget.TextView t='Можно повысить точность геолокации' desc=''
13:00:53.001	I	YA11Y	pkg=ru.yandex.yandexmaps m=NONE d=700m road='' eta=120s balloon=true
13:00:53.590	I	YA11Y	pkg=ru.yandex.yandexmaps m=NONE d=690m road='' eta=120s balloon=true
13:00:54.163	I	YA11Y	pkg=ru.yandex.yandexmaps m=NONE d=680m road='' eta=120s balloon=true
13:00:55.067	I	YA11Y	pkg=ru.yandex.yandexmaps m=NONE d=670m road='' eta=120s balloon=true
13:00:55.779	I	YA11Y	pkg=ru.yandex.yandexmaps m=NONE d=660m road='' eta=120s balloon=true
13:00:56.290	I	YA11Y	pkg=ru.yandex.yandexmaps m=NONE d=650m road='' eta=120s balloon=true
13:00:57.055	I	YA11Y	pkg=ru.yandex.yandexmaps m=NONE d=640m road='' eta=120s balloon=true
13:00:57.735	I	YA11Y	pkg=ru.yandex.yandexmaps m=NONE d=630m road='' eta=120s balloon=true
13:00:58.321	I	YA11Y	node d=18 vid=ru.yandex.yandexmaps:id/statusPanel cls=android.widget.TextView t='просп. Героев Сталинграда' desc=''
13:00:58.332	I	YA11Y	node d=21 vid=ru.yandex.yandexmaps:id/textview_eta_distance cls=android.widget.TextView t='780 м' desc=''
13:00:58.337	I	YA11Y	node d=21 vid=ru.yandex.yandexmaps:id/textview_eta_arrival cls=android.widget.TextView t='13:02' desc=''
13:00:58.339	I	YA11Y	node d=21 vid=ru.yandex.yandexmaps:id/textview_eta_time cls=android.widget.TextView t='2 мин' desc=''
13:00:58.341	I	YA11Y	node d=17 vid=ru.yandex.yandexmaps:id/text_maneuverballoon_distance cls=android.widget.TextView t='620' desc=''
13:00:58.343	I	YA11Y	node d=17 vid=ru.yandex.yandexmaps:id/text_maneuverballoon_metrics cls=android.widget.TextView t='м' desc=''
13:00:58.345	I	YA11Y	node d=17 vid=ru.yandex.yandexmaps:id/text_speed_value cls=android.widget.TextView t='54' desc=''
13:00:58.347	I	YA11Y	node d=17 vid=ru.yandex.yandexmaps:id/text_speedlimit cls=android.widget.TextView t='60' desc=''
13:00:58.349	I	YA11Y	node d=10 vid=ru.yandex.yandexmaps:id/top_notification_title cls=android.widget.TextView t='Можно повысить точность геолокации' desc=''
13:00:58.354	I	YA11Y	pkg=ru.yandex.yandexmaps m=NONE d=620m road='' eta=120s balloon=true
13:00:58.561	I	LOOP	tick #500 rc=0 m=2(GAODE) tag=f28 pk d=620
13:00:58.980	I	YA11Y	pkg=ru.yandex.yandexmaps m=NONE d=610m road='' eta=120s balloon=true
13:00:59.708	I	YA11Y	pkg=ru.yandex.yandexmaps m=NONE d=590m road='' eta=120s balloon=true
13:01:00.299	I	YA11Y	pkg=ru.yandex.yandexmaps m=NONE d=590m road='' eta=120s balloon=true
13:01:00.873	I	YA11Y	pkg=ru.yandex.yandexmaps m=NONE d=580m road='' eta=120s balloon=true
13:01:01.438	I	YA11Y	pkg=ru.yandex.yandexmaps m=NONE d=570m road='' eta=120s balloon=true
13:01:02.210	I	YA11Y	pkg=ru.yandex.yandexmaps m=NONE d=560m road='' eta=120s balloon=true
13:01:02.888	I	YA11Y	pkg=ru.yandex.yandexmaps m=NONE d=550m road='' eta=120s balloon=true
13:01:03.500	I	YA11Y	node d=18 vid=ru.yandex.yandexmaps:id/statusPanel cls=android.widget.TextView t='просп. Героев Сталинграда' desc=''
13:01:03.503	I	YA11Y	node d=21 vid=ru.yandex.yandexmaps:id/textview_eta_distance cls=android.widget.TextView t='700 м' desc=''
13:01:03.505	I	YA11Y	node d=21 vid=ru.yandex.yandexmaps:id/textview_eta_arrival cls=android.widget.TextView t='13:02' desc=''
13:01:03.508	I	YA11Y	node d=21 vid=ru.yandex.yandexmaps:id/textview_eta_time cls=android.widget.TextView t='2 мин' desc=''
13:01:03.510	I	YA11Y	node d=17 vid=ru.yandex.yandexmaps:id/text_maneuverballoon_distance cls=android.widget.TextView t='540' desc=''
13:01:03.512	I	YA11Y	node d=17 vid=ru.yandex.yandexmaps:id/text_maneuverballoon_metrics cls=android.widget.TextView t='м' desc=''
13:01:03.513	I	YA11Y	node d=17 vid=ru.yandex.yandexmaps:id/text_speed_value cls=android.widget.TextView t='49' desc=''
13:01:03.515	I	YA11Y	node d=17 vid=ru.yandex.yandexmaps:id/text_speedlimit cls=android.widget.TextView t='60' desc=''
13:01:03.517	I	YA11Y	node d=10 vid=ru.yandex.yandexmaps:id/top_notification_title cls=android.widget.TextView t='Можно повысить точность геолокации' desc=''
13:01:03.518	I	YA11Y	pkg=ru.yandex.yandexmaps m=NONE d=540m road='' eta=120s balloon=true
13:01:04.227	I	YA11Y	pkg=ru.yandex.yandexmaps m=NONE d=530m road='' eta=120s balloon=true
13:01:04.957	I	YA11Y	pkg=ru.yandex.yandexmaps m=NONE d=520m road='' eta=120s balloon=true
13:01:05.560	I	YA11Y	pkg=ru.yandex.yandexmaps m=NONE d=510m road='' eta=120s balloon=true
13:01:06.388	I	YA11Y	pkg=ru.yandex.yandexmaps m=NONE d=500m road='' eta=120s balloon=true
13:01:06.966	I	YA11Y	pkg=ru.yandex.yandexmaps m=NONE d=490m road='' eta=120s balloon=true
13:01:07.475	I	YA11Y	pkg=ru.yandex.yandexmaps m=NONE d=480m road='' eta=120s balloon=true
13:01:07.988	I	YA11Y	pkg=ru.yandex.yandexmaps m=NONE d=480m road='' eta=120s balloon=true
13:01:08.575	I	YA11Y	node d=18 vid=ru.yandex.yandexmaps:id/statusPanel cls=android.widget.TextView t='просп. Героев Сталинграда' desc=''
13:01:08.578	I	YA11Y	node d=21 vid=ru.yandex.yandexmaps:id/textview_eta_distance cls=android.widget.TextView t='640 м' desc=''
13:01:08.581	I	YA11Y	node d=21 vid=ru.yandex.yandexmaps:id/textview_eta_arrival cls=android.widget.TextView t='13:02' desc=''
13:01:08.584	I	YA11Y	node d=21 vid=ru.yandex.yandexmaps:id/textview_eta_time cls=android.widget.TextView t='2 мин' desc=''
13:01:08.587	I	YA11Y	node d=17 vid=ru.yandex.yandexmaps:id/text_maneuverballoon_distance cls=android.widget.TextView t='470' desc=''
13:01:08.589	I	YA11Y	node d=17 vid=ru.yandex.yandexmaps:id/text_maneuverballoon_metrics cls=android.widget.TextView t='м' desc=''
13:01:08.593	I	YA11Y	node d=17 vid=ru.yandex.yandexmaps:id/text_speed_value cls=android.widget.TextView t='32' desc=''
13:01:08.599	I	YA11Y	node d=17 vid=ru.yandex.yandexmaps:id/text_speedlimit cls=android.widget.TextView t='60' desc=''
13:01:08.602	I	YA11Y	node d=10 vid=ru.yandex.yandexmaps:id/top_notification_title cls=android.widget.TextView t='Можно повысить точность геолокации' desc=''
13:01:08.604	I	YA11Y	pkg=ru.yandex.yandexmaps m=NONE d=470m road='' eta=120s balloon=true
13:01:08.666	I	LOOP	tick #510 rc=0 m=2(GAODE) tag=f28 pk d=470
13:01:09.071	I	YA11Y	pkg=ru.yandex.yandexmaps m=NONE d=460m road='' eta=120s balloon=true
13:01:09.699	I	YA11Y	pkg=ru.yandex.yandexmaps m=NONE d=460m road='' eta=120s balloon=true
13:01:10.263	I	YA11Y	pkg=ru.yandex.yandexmaps m=NONE d=450m road='' eta=120s balloon=true
13:01:11.067	I	YA11Y	pkg=ru.yandex.yandexmaps m=NONE d=450m road='' eta=120s balloon=true
13:01:11.720	I	YA11Y	pkg=ru.yandex.yandexmaps m=NONE d=440m road='' eta=60s balloon=true
13:01:12.490	I	YA11Y	pkg=ru.yandex.yandexmaps m=NONE d=440m road='' eta=60s balloon=true
13:01:12.989	I	YA11Y	pkg=ru.yandex.yandexmaps m=NONE d=430m road='' eta=60s balloon=true
13:01:13.840	I	YA11Y	node d=18 vid=ru.yandex.yandexmaps:id/statusPanel cls=android.widget.TextView t='просп. Героев Сталинграда' desc=''
13:01:13.843	I	YA11Y	node d=21 vid=ru.yandex.yandexmaps:id/textview_eta_distance cls=android.widget.TextView t='600 м' desc=''
13:01:13.845	I	YA11Y	node d=21 vid=ru.yandex.yandexmaps:id/textview_eta_arrival cls=android.widget.TextView t='13:02' desc=''
13:01:13.847	I	YA11Y	node d=21 vid=ru.yandex.yandexmaps:id/textview_eta_time cls=android.widget.TextView t='1 мин' desc=''
13:01:13.851	I	YA11Y	node d=17 vid=ru.yandex.yandexmaps:id/text_maneuverballoon_distance cls=android.widget.TextView t='430' desc=''
13:01:13.853	I	YA11Y	node d=17 vid=ru.yandex.yandexmaps:id/text_maneuverballoon_metrics cls=android.widget.TextView t='м' desc=''
13:01:13.856	I	YA11Y	node d=17 vid=ru.yandex.yandexmaps:id/text_speed_value cls=android.widget.TextView t='35' desc=''
13:01:13.858	I	YA11Y	node d=17 vid=ru.yandex.yandexmaps:id/text_speedlimit cls=android.widget.TextView t='60' desc=''
13:01:13.860	I	YA11Y	node d=10 vid=ru.yandex.yandexmaps:id/top_notification_title cls=android.widget.TextView t='Можно повысить точность геолокации' desc=''
13:01:13.862	I	YA11Y	pkg=ru.yandex.yandexmaps m=NONE d=430m road='' eta=60s balloon=true
13:01:14.512	I	YA11Y	pkg=ru.yandex.yandexmaps m=NONE d=420m road='' eta=60s balloon=true
13:01:15.069	I	YA11Y	pkg=ru.yandex.yandexmaps m=NONE d=420m road='' eta=60s balloon=true
13:01:15.692	I	YA11Y	pkg=ru.yandex.yandexmaps m=NONE d=420m road='' eta=60s balloon=true
13:01:16.952	I	YA11Y	pkg=ru.yandex.yandexmaps m=NONE d=410m road='' eta=60s balloon=true
13:01:17.973	I	YA11Y	pkg=ru.yandex.yandexmaps m=NONE d=400m road='' eta=60s balloon=true
13:01:18.475	I	YA11Y	pkg=ru.yandex.yandexmaps m=NONE d=390m road='' eta=60s balloon=true
13:01:18.788	I	LOOP	tick #520 rc=0 m=2(GAODE) tag=f28 pk d=390
13:01:18.993	I	YA11Y	node d=18 vid=ru.yandex.yandexmaps:id/statusPanel cls=android.widget.TextView t='просп. Героев Сталинграда' desc=''
13:01:18.997	I	YA11Y	node d=21 vid=ru.yandex.yandexmaps:id/textview_eta_distance cls=android.widget.TextView t='560 м' desc=''
13:01:19.002	I	YA11Y	node d=21 vid=ru.yandex.yandexmaps:id/textview_eta_arrival cls=android.widget.TextView t='13:02' desc=''
13:01:19.005	I	YA11Y	node d=21 vid=ru.yandex.yandexmaps:id/textview_eta_time cls=android.widget.TextView t='1 мин' desc=''
13:01:19.007	I	YA11Y	node d=17 vid=ru.yandex.yandexmaps:id/text_maneuverballoon_distance cls=android.widget.TextView t='390' desc=''
13:01:19.009	I	YA11Y	node d=17 vid=ru.yandex.yandexmaps:id/text_maneuverballoon_metrics cls=android.widget.TextView t='м' desc=''
13:01:19.011	I	YA11Y	node d=17 vid=ru.yandex.yandexmaps:id/text_speed_value cls=android.widget.TextView t='41' desc=''
13:01:19.012	I	YA11Y	node d=17 vid=ru.yandex.yandexmaps:id/text_speedlimit cls=android.widget.TextView t='60' desc=''
13:01:19.013	I	YA11Y	node d=10 vid=ru.yandex.yandexmaps:id/top_notification_title cls=android.widget.TextView t='Можно повысить точность геолокации' desc=''
13:01:19.015	I	YA11Y	pkg=ru.yandex.yandexmaps m=NONE d=390m road='' eta=60s balloon=true
13:01:20.212	I	YA11Y	pkg=ru.yandex.yandexmaps m=NONE d=370m road='' eta=60s balloon=true
13:01:20.776	I	YA11Y	pkg=ru.yandex.yandexmaps m=NONE d=370m road='' eta=60s balloon=true
13:01:21.284	I	YA11Y	pkg=ru.yandex.yandexmaps m=NONE d=360m road='' eta=60s balloon=true
13:01:22.227	I	YA11Y	pkg=ru.yandex.yandexmaps m=NONE d=350m road='' eta=60s balloon=true
13:01:22.897	I	YA11Y	pkg=ru.yandex.yandexmaps m=NONE d=340m road='' eta=60s balloon=true
13:01:23.558	I	YA11Y	pkg=ru.yandex.yandexmaps m=NONE d=330m road='' eta=60s balloon=true
13:01:24.205	I	YA11Y	node d=18 vid=ru.yandex.yandexmaps:id/statusPanel cls=android.widget.TextView t='просп. Героев Сталинграда' desc=''
13:01:24.212	I	YA11Y	node d=21 vid=ru.yandex.yandexmaps:id/textview_eta_distance cls=android.widget.TextView t='480 м' desc=''
13:01:24.218	I	YA11Y	node d=21 vid=ru.yandex.yandexmaps:id/textview_eta_arrival cls=android.widget.TextView t='13:02' desc=''
13:01:24.220	I	YA11Y	node d=21 vid=ru.yandex.yandexmaps:id/textview_eta_time cls=android.widget.TextView t='1 мин' desc=''
13:01:24.222	I	YA11Y	node d=17 vid=ru.yandex.yandexmaps:id/text_maneuverballoon_distance cls=android.widget.TextView t='320' desc=''
13:01:24.223	I	YA11Y	node d=17 vid=ru.yandex.yandexmaps:id/text_maneuverballoon_metrics cls=android.widget.TextView t='м' desc=''
13:01:24.225	I	YA11Y	node d=17 vid=ru.yandex.yandexmaps:id/text_speed_value cls=android.widget.TextView t='51' desc=''
13:01:24.226	I	YA11Y	node d=17 vid=ru.yandex.yandexmaps:id/text_speedlimit cls=android.widget.TextView t='60' desc=''
13:01:24.228	I	YA11Y	node d=10 vid=ru.yandex.yandexmaps:id/top_notification_title cls=android.widget.TextView t='Можно повысить точность геолокации' desc=''
13:01:24.230	I	YA11Y	pkg=ru.yandex.yandexmaps m=NONE d=320m road='' eta=60s balloon=true
13:01:24.770	I	YA11Y	pkg=ru.yandex.yandexmaps m=NONE d=310m road='' eta=60s balloon=true
13:01:25.343	I	YA11Y	pkg=ru.yandex.yandexmaps m=NONE d=300m road='' eta=60s balloon=true
13:01:25.882	I	YA11Y	pkg=ru.yandex.yandexmaps m=NONE d=290m road='' eta=60s balloon=true
13:01:26.375	I	YA11Y	pkg=ru.yandex.yandexmaps m=NONE d=280m road='' eta=60s balloon=true
13:01:27.094	I	YA11Y	pkg=ru.yandex.yandexmaps m=NONE d=270m road='' eta=60s balloon=true
13:01:27.890	I	YA11Y	pkg=ru.yandex.yandexmaps m=NONE d=260m road='' eta=60s balloon=true
13:01:28.459	I	YA11Y	pkg=ru.yandex.yandexmaps m=NONE d=250m road='' eta=60s balloon=true
13:01:28.913	I	LOOP	tick #530 rc=0 m=2(GAODE) tag=f28 pk d=250
13:01:29.052	I	YA11Y	pkg=ru.yandex.yandexmaps m=NONE d=240m road='' eta=60s balloon=true
13:01:29.752	I	YA11Y	node d=18 vid=ru.yandex.yandexmaps:id/statusPanel cls=android.widget.TextView t='просп. Героев Сталинграда' desc=''
13:01:29.754	I	YA11Y	node d=21 vid=ru.yandex.yandexmaps:id/textview_eta_distance cls=android.widget.TextView t='390 м' desc=''
13:01:29.756	I	YA11Y	node d=21 vid=ru.yandex.yandexmaps:id/textview_eta_arrival cls=android.widget.TextView t='13:02' desc=''
13:01:29.758	I	YA11Y	node d=21 vid=ru.yandex.yandexmaps:id/textview_eta_time cls=android.widget.TextView t='1 мин' desc=''
13:01:29.760	I	YA11Y	node d=17 vid=ru.yandex.yandexmaps:id/text_maneuverballoon_distance cls=android.widget.TextView t='220' desc=''
13:01:29.762	I	YA11Y	node d=17 vid=ru.yandex.yandexmaps:id/text_maneuverballoon_metrics cls=android.widget.TextView t='м' desc=''
13:01:29.766	I	YA11Y	node d=17 vid=ru.yandex.yandexmaps:id/text_speed_value cls=android.widget.TextView t='53' desc=''
13:01:29.769	I	YA11Y	node d=17 vid=ru.yandex.yandexmaps:id/text_speedlimit cls=android.widget.TextView t='60' desc=''
13:01:29.770	I	YA11Y	node d=10 vid=ru.yandex.yandexmaps:id/top_notification_title cls=android.widget.TextView t='Можно повысить точность геолокации' desc=''
13:01:29.773	I	YA11Y	pkg=ru.yandex.yandexmaps m=NONE d=220m road='' eta=60s balloon=true
13:01:30.364	I	YA11Y	pkg=ru.yandex.yandexmaps m=NONE d=220m road='' eta=60s balloon=true
13:01:30.990	I	YA11Y	pkg=ru.yandex.yandexmaps m=NONE d=210m road='' eta=60s balloon=true
13:01:31.555	I	YA11Y	pkg=ru.yandex.yandexmaps m=NONE d=200m road='' eta=60s balloon=true
13:01:32.311	I	YA11Y	pkg=ru.yandex.yandexmaps m=NONE d=190m road='' eta=60s balloon=true
13:01:32.798	I	YA11Y	pkg=ru.yandex.yandexmaps m=NONE d=180m road='' eta=60s balloon=true
13:01:33.631	I	YA11Y	pkg=ru.yandex.yandexmaps m=NONE d=170m road='' eta=60s balloon=true
13:01:34.311	I	YA11Y	pkg=ru.yandex.yandexmaps m=NONE d=160m road='' eta=60s balloon=true
13:01:35.040	I	YA11Y	node d=18 vid=ru.yandex.yandexmaps:id/statusPanel cls=android.widget.TextView t='просп. Героев Сталинграда' desc=''
13:01:35.043	I	YA11Y	node d=21 vid=ru.yandex.yandexmaps:id/textview_eta_distance cls=android.widget.TextView t='310 м' desc=''
13:01:35.045	I	YA11Y	node d=21 vid=ru.yandex.yandexmaps:id/textview_eta_arrival cls=android.widget.TextView t='13:02' desc=''
13:01:35.047	I	YA11Y	node d=21 vid=ru.yandex.yandexmaps:id/textview_eta_time cls=android.widget.TextView t='1 мин' desc=''
13:01:35.049	I	YA11Y	node d=17 vid=ru.yandex.yandexmaps:id/text_maneuverballoon_distance cls=android.widget.TextView t='150' desc=''
13:01:35.050	I	YA11Y	node d=17 vid=ru.yandex.yandexmaps:id/text_maneuverballoon_metrics cls=android.widget.TextView t='м' desc=''
13:01:35.052	I	YA11Y	node d=17 vid=ru.yandex.yandexmaps:id/text_speed_value cls=android.widget.TextView t='49' desc=''
13:01:35.054	I	YA11Y	node d=17 vid=ru.yandex.yandexmaps:id/text_speedlimit cls=android.widget.TextView t='60' desc=''
13:01:35.056	I	YA11Y	node d=10 vid=ru.yandex.yandexmaps:id/top_notification_title cls=android.widget.TextView t='Можно повысить точность геолокации' desc=''
13:01:35.059	I	YA11Y	pkg=ru.yandex.yandexmaps m=NONE d=150m road='' eta=60s balloon=true
13:01:35.704	I	YA11Y	pkg=ru.yandex.yandexmaps m=NONE d=140m road='' eta=60s balloon=true
13:01:36.552	I	YA11Y	pkg=ru.yandex.yandexmaps m=NONE d=130m road='' eta=60s balloon=true
13:01:37.091	I	YA11Y	pkg=ru.yandex.yandexmaps m=NONE d=120m road='' eta=60s balloon=true
13:01:37.630	I	YA11Y	pkg=ru.yandex.yandexmaps m=NONE d=110m road='' eta=60s balloon=true
13:01:38.166	I	YA11Y	pkg=ru.yandex.yandexmaps m=NONE d=110m road='' eta=60s balloon=true
13:01:38.855	I	YA11Y	pkg=ru.yandex.yandexmaps m=NONE d=100m road='' eta=60s balloon=true
13:01:39.051	I	LOOP	tick #540 rc=0 m=2(GAODE) tag=f28 pk d=100
13:01:39.802	I	YA11Y	pkg=ru.yandex.yandexmaps m=NONE d=90m road='' eta=60s balloon=true
13:01:40.638	I	YA11Y	node d=18 vid=ru.yandex.yandexmaps:id/statusPanel cls=android.widget.TextView t='просп. Героев Сталинграда' desc=''
13:01:40.640	I	YA11Y	node d=21 vid=ru.yandex.yandexmaps:id/textview_eta_distance cls=android.widget.TextView t='240 м' desc=''
13:01:40.643	I	YA11Y	node d=21 vid=ru.yandex.yandexmaps:id/textview_eta_arrival cls=android.widget.TextView t='13:02' desc=''
13:01:40.645	I	YA11Y	node d=21 vid=ru.yandex.yandexmaps:id/textview_eta_time cls=android.widget.TextView t='1 мин' desc=''
13:01:40.647	I	YA11Y	node d=17 vid=ru.yandex.yandexmaps:id/text_maneuverballoon_distance cls=android.widget.TextView t='80' desc=''
13:01:40.649	I	YA11Y	node d=17 vid=ru.yandex.yandexmaps:id/text_maneuverballoon_metrics cls=android.widget.TextView t='м' desc=''
13:01:40.651	I	YA11Y	node d=17 vid=ru.yandex.yandexmaps:id/text_speed_value cls=android.widget.TextView t='44' desc=''
13:01:40.653	I	YA11Y	node d=17 vid=ru.yandex.yandexmaps:id/text_speedlimit cls=android.widget.TextView t='60' desc=''
13:01:40.655	I	YA11Y	node d=10 vid=ru.yandex.yandexmaps:id/top_notification_title cls=android.widget.TextView t='Можно повысить точность геолокации' desc=''
13:01:40.659	I	YA11Y	pkg=ru.yandex.yandexmaps m=NONE d=80m road='' eta=60s balloon=true
13:01:41.173	I	YA11Y	pkg=ru.yandex.yandexmaps m=NONE d=70m road='' eta=60s balloon=true
13:01:41.679	I	YA11Y	pkg=ru.yandex.yandexmaps m=NONE d=60m road='' eta=60s balloon=true
13:01:42.344	I	YA11Y	pkg=ru.yandex.yandexmaps m=NONE d=60m road='' eta=60s balloon=true
13:01:42.982	I	YA11Y	pkg=ru.yandex.yandexmaps m=NONE d=50m road='' eta=60s balloon=true
13:01:43.541	I	YA11Y	pkg=ru.yandex.yandexmaps m=NONE d=40m road='' eta=60s balloon=true
13:01:44.311	I	YA11Y	pkg=ru.yandex.yandexmaps m=NONE d=40m road='' eta=60s balloon=true
13:01:45.040	I	YA11Y	pkg=ru.yandex.yandexmaps m=NONE d=30m road='' eta=60s balloon=true
13:01:45.612	I	YA11Y	pkg=ru.yandex.yandexmaps m=NONE d=20m road='' eta=60s balloon=true
13:01:46.529	I	YA11Y	node d=18 vid=ru.yandex.yandexmaps:id/statusPanel cls=android.widget.TextView t='просп. Героев Сталинграда' desc=''
13:01:46.532	I	YA11Y	node d=21 vid=ru.yandex.yandexmaps:id/textview_eta_distance cls=android.widget.TextView t='180 м' desc=''
13:01:46.534	I	YA11Y	node d=21 vid=ru.yandex.yandexmaps:id/textview_eta_arrival cls=android.widget.TextView t='13:02' desc=''
13:01:46.536	I	YA11Y	node d=21 vid=ru.yandex.yandexmaps:id/textview_eta_time cls=android.widget.TextView t='1 мин' desc=''
13:01:46.537	I	YA11Y	node d=17 vid=ru.yandex.yandexmaps:id/text_maneuverballoon_distance cls=android.widget.TextView t='20' desc=''
13:01:46.539	I	YA11Y	node d=17 vid=ru.yandex.yandexmaps:id/text_maneuverballoon_metrics cls=android.widget.TextView t='м' desc=''
13:01:46.541	I	YA11Y	node d=17 vid=ru.yandex.yandexmaps:id/text_speed_value cls=android.widget.TextView t='34' desc=''
13:01:46.543	I	YA11Y	node d=17 vid=ru.yandex.yandexmaps:id/text_speedlimit cls=android.widget.TextView t='60' desc=''
13:01:46.545	I	YA11Y	node d=10 vid=ru.yandex.yandexmaps:id/top_notification_title cls=android.widget.TextView t='Можно повысить точность геолокации' desc=''
13:01:46.548	I	YA11Y	pkg=ru.yandex.yandexmaps m=NONE d=20m road='' eta=60s balloon=true
13:01:47.118	I	YA11Y	pkg=ru.yandex.yandexmaps m=NONE d=20m road='' eta=60s balloon=true
13:01:48.125	I	YA11Y	pkg=ru.yandex.yandexmaps m=NONE d=20m road='' eta=60s balloon=true
13:01:48.825	I	YA11Y	pkg=ru.yandex.yandexmaps m=NONE d=20m road='' eta=60s balloon=true
13:01:49.152	I	LOOP	tick #550 rc=0 m=2(GAODE) tag=f28 pk d=20
13:01:49.480	I	YA11Y	pkg=ru.yandex.yandexmaps m=NONE d=20m road='' eta=60s balloon=true
13:01:50.220	I	YA11Y	pkg=ru.yandex.yandexmaps m=NONE d=20m road='' eta=60s balloon=true
13:01:51.058	I	YA11Y	pkg=ru.yandex.yandexmaps m=NONE d=20m road='' eta=60s balloon=true
13:01:53.060	I	YA11Y	node d=18 vid=ru.yandex.yandexmaps:id/statusPanel cls=android.widget.TextView t='просп. Героев Сталинграда' desc=''
13:01:53.062	I	YA11Y	node d=21 vid=ru.yandex.yandexmaps:id/textview_eta_distance cls=android.widget.TextView t='170 м' desc=''
13:01:53.064	I	YA11Y	node d=21 vid=ru.yandex.yandexmaps:id/textview_eta_arrival cls=android.widget.TextView t='13:02' desc=''
13:01:53.068	I	YA11Y	node d=21 vid=ru.yandex.yandexmaps:id/textview_eta_time cls=android.widget.TextView t='1 мин' desc=''
13:01:53.070	I	YA11Y	node d=17 vid=ru.yandex.yandexmaps:id/text_maneuverballoon_distance cls=android.widget.TextView t='20' desc=''
13:01:53.072	I	YA11Y	node d=17 vid=ru.yandex.yandexmaps:id/text_maneuverballoon_metrics cls=android.widget.TextView t='м' desc=''
13:01:53.074	I	YA11Y	node d=17 vid=ru.yandex.yandexmaps:id/text_speed_value cls=android.widget.TextView t='0' desc=''
13:01:53.082	I	YA11Y	node d=17 vid=ru.yandex.yandexmaps:id/text_speedlimit cls=android.widget.TextView t='60' desc=''
13:01:53.085	I	YA11Y	node d=10 vid=ru.yandex.yandexmaps:id/top_notification_title cls=android.widget.TextView t='Можно повысить точность геолокации' desc=''
13:01:53.089	I	YA11Y	pkg=ru.yandex.yandexmaps m=NONE d=20m road='' eta=60s balloon=true
13:01:54.339	I	YA11Y	pkg=ru.yandex.yandexmaps m=NONE d=20m road='' eta=60s balloon=true
13:01:55.029	I	YA11Y	pkg=ru.yandex.yandexmaps m=NONE d=20m road='' eta=60s balloon=true
13:01:55.697	I	YA11Y	pkg=ru.yandex.yandexmaps m=NONE d=110m road='' eta=60s balloon=true
13:01:56.441	I	YA11Y	pkg=ru.yandex.yandexmaps m=NONE d=100m road='' eta=60s balloon=true
13:01:57.065	I	YA11Y	pkg=ru.yandex.yandexmaps m=NONE d=100m road='' eta=60s balloon=true
13:01:57.630	I	YA11Y	pkg=ru.yandex.yandexmaps m=NONE d=90m road='' eta=60s balloon=true
13:01:58.255	I	YA11Y	node d=18 vid=ru.yandex.yandexmaps:id/statusPanel cls=android.widget.TextView t='просп. Героев Сталинграда' desc=''
13:01:58.258	I	YA11Y	node d=21 vid=ru.yandex.yandexmaps:id/textview_eta_distance cls=android.widget.TextView t='120 м' desc=''
13:01:58.259	I	YA11Y	node d=21 vid=ru.yandex.yandexmaps:id/textview_eta_arrival cls=android.widget.TextView t='13:02' desc=''
13:01:58.262	I	YA11Y	node d=21 vid=ru.yandex.yandexmaps:id/textview_eta_time cls=android.widget.TextView t='1 мин' desc=''
13:01:58.264	I	YA11Y	node d=17 vid=ru.yandex.yandexmaps:id/text_maneuverballoon_distance cls=android.widget.TextView t='80' desc=''
13:01:58.267	I	YA11Y	node d=17 vid=ru.yandex.yandexmaps:id/text_maneuverballoon_metrics cls=android.widget.TextView t='м' desc=''
13:01:58.270	I	YA11Y	node d=17 vid=ru.yandex.yandexmaps:id/text_speed_value cls=android.widget.TextView t='23' desc=''
13:01:58.273	I	YA11Y	node d=17 vid=ru.yandex.yandexmaps:id/text_speedlimit cls=android.widget.TextView t='60' desc=''
13:01:58.274	I	YA11Y	node d=10 vid=ru.yandex.yandexmaps:id/top_notification_title cls=android.widget.TextView t='Можно повысить точность геолокации' desc=''
13:01:58.277	I	YA11Y	pkg=ru.yandex.yandexmaps m=NONE d=80m road='' eta=60s balloon=true
13:01:59.057	I	YA11Y	pkg=ru.yandex.yandexmaps m=NONE d=70m road='' eta=60s balloon=true
13:01:59.256	I	LOOP	tick #560 rc=0 m=2(GAODE) tag=f28 pk d=70
13:01:59.661	I	YA11Y	pkg=ru.yandex.yandexmaps m=NONE d=70m road='' eta=60s balloon=true
13:02:00.536	I	YA11Y	pkg=ru.yandex.yandexmaps m=NONE d=60m road='' eta=60s balloon=true
13:02:01.054	I	YA11Y	pkg=ru.yandex.yandexmaps m=NONE d=60m road='' eta=60s balloon=true
13:02:01.632	I	YA11Y	pkg=ru.yandex.yandexmaps m=NONE d=60m road='' eta=60s balloon=true
13:02:02.602	I	YA11Y	pkg=ru.yandex.yandexmaps m=NONE d=50m road='' eta=60s balloon=true
13:02:03.158	I	YA11Y	pkg=ru.yandex.yandexmaps m=NONE d=50m road='' eta=60s balloon=true
13:02:03.712	I	YA11Y	node d=18 vid=ru.yandex.yandexmaps:id/statusPanel cls=android.widget.TextView t='просп. Героев Сталинграда' desc=''
13:02:03.714	I	YA11Y	node d=21 vid=ru.yandex.yandexmaps:id/textview_eta_distance cls=android.widget.TextView t='90 м' desc=''
13:02:03.716	I	YA11Y	node d=21 vid=ru.yandex.yandexmaps:id/textview_eta_arrival cls=android.widget.TextView t='13:02' desc=''
13:02:03.719	I	YA11Y	node d=21 vid=ru.yandex.yandexmaps:id/textview_eta_time cls=android.widget.TextView t='1 мин' desc=''
13:02:03.722	I	YA11Y	node d=17 vid=ru.yandex.yandexmaps:id/text_maneuverballoon_distance cls=android.widget.TextView t='50' desc=''
13:02:03.729	I	YA11Y	node d=17 vid=ru.yandex.yandexmaps:id/text_maneuverballoon_metrics cls=android.widget.TextView t='м' desc=''
13:02:03.731	I	YA11Y	node d=17 vid=ru.yandex.yandexmaps:id/text_speed_value cls=android.widget.TextView t='32' desc=''
13:02:03.732	I	YA11Y	node d=17 vid=ru.yandex.yandexmaps:id/text_speedlimit cls=android.widget.TextView t='60' desc=''
13:02:03.734	I	YA11Y	node d=10 vid=ru.yandex.yandexmaps:id/top_notification_title cls=android.widget.TextView t='Можно повысить точность геолокации' desc=''
13:02:03.736	I	YA11Y	pkg=ru.yandex.yandexmaps m=NONE d=50m road='' eta=60s balloon=true
13:02:04.234	I	YA11Y	pkg=ru.yandex.yandexmaps m=NONE d=40m road='' eta=60s balloon=true
13:02:04.823	I	YA11Y	pkg=ru.yandex.yandexmaps m=NONE d=40m road='' eta=60s balloon=true
13:02:05.382	I	YA11Y	pkg=ru.yandex.yandexmaps m=NONE d=30m road='' eta=60s balloon=true
13:02:06.212	I	YA11Y	pkg=ru.yandex.yandexmaps m=NONE d=20m road='' eta=60s balloon=true
13:02:06.840	I	YA11Y	pkg=ru.yandex.yandexmaps m=NONE d=20m road='' eta=60s balloon=true
13:02:07.420	I	YA11Y	pkg=ru.yandex.yandexmaps m=NONE d=20m road='' eta=60s balloon=true
13:02:08.006	I	YA11Y	pkg=ru.yandex.yandexmaps m=NONE d=20m road='' eta=60s balloon=true
13:02:08.529	I	YA11Y	pkg=ru.yandex.yandexmaps m=NONE d=20m road='' eta=60s balloon=true
13:02:09.076	I	YA11Y	node d=18 vid=ru.yandex.yandexmaps:id/statusPanel cls=android.widget.TextView t='просп. Героев Сталинграда' desc=''
13:02:09.078	I	YA11Y	node d=21 vid=ru.yandex.yandexmaps:id/textview_eta_distance cls=android.widget.TextView t='40 м' desc=''
13:02:09.083	I	YA11Y	node d=21 vid=ru.yandex.yandexmaps:id/textview_eta_arrival cls=android.widget.TextView t='13:02' desc=''
13:02:09.086	I	YA11Y	node d=21 vid=ru.yandex.yandexmaps:id/textview_eta_time cls=android.widget.TextView t='1 мин' desc=''
13:02:09.089	I	YA11Y	node d=17 vid=ru.yandex.yandexmaps:id/text_maneuverballoon_distance cls=android.widget.TextView t='20' desc=''
13:02:09.091	I	YA11Y	node d=17 vid=ru.yandex.yandexmaps:id/text_maneuverballoon_metrics cls=android.widget.TextView t='м' desc=''
13:02:09.092	I	YA11Y	node d=17 vid=ru.yandex.yandexmaps:id/text_speed_value cls=android.widget.TextView t='45' desc=''
13:02:09.094	I	YA11Y	node d=17 vid=ru.yandex.yandexmaps:id/text_speedlimit cls=android.widget.TextView t='60' desc=''
13:02:09.095	I	YA11Y	node d=10 vid=ru.yandex.yandexmaps:id/top_notification_title cls=android.widget.TextView t='Можно повысить точность геолокации' desc=''
13:02:09.097	I	YA11Y	pkg=ru.yandex.yandexmaps m=NONE d=20m road='' eta=60s balloon=true
13:02:09.383	I	LOOP	tick #570 rc=0 m=2(GAODE) tag=f28 pk d=20
13:02:09.819	I	YA11Y	pkg=ru.yandex.yandexmaps m=NONE d=20m road='' eta=60s balloon=true
13:02:10.390	I	YA11Y	pkg=ru.yandex.yandexmaps m=NONE d=30m road='' eta=60s balloon=true
13:02:11.019	I	YA11Y	pkg=ru.yandex.yandexmaps m=NONE d=30m road='' eta=60s balloon=true
13:02:11.597	I	YA11Y	pkg=ru.yandex.yandexmaps m=NONE d=30m road='' eta=60s balloon=true
13:02:12.216	I	YA11Y	pkg=ru.yandex.yandexmaps m=NONE d=30m road='' eta=60s balloon=true
13:02:12.834	I	YA11Y	pkg=ru.yandex.yandexmaps m=NONE d=20m road='' eta=60s balloon=true
13:02:13.868	I	YA11Y	pkg=ru.yandex.yandexmaps m=NONE d=20m road='' eta=60s balloon=true
13:02:14.874	I	YA11Y	node d=18 vid=ru.yandex.yandexmaps:id/statusPanel cls=android.widget.TextView t='просп. Героев Сталинграда' desc=''
13:02:14.879	I	YA11Y	node d=21 vid=ru.yandex.yandexmaps:id/textview_eta_distance cls=android.widget.TextView t='30 м' desc=''
13:02:14.882	I	YA11Y	node d=21 vid=ru.yandex.yandexmaps:id/textview_eta_arrival cls=android.widget.TextView t='13:02' desc=''
13:02:14.884	I	YA11Y	node d=21 vid=ru.yandex.yandexmaps:id/textview_eta_time cls=android.widget.TextView t='1 мин' desc=''
13:02:14.887	I	YA11Y	node d=17 vid=ru.yandex.yandexmaps:id/text_maneuverballoon_distance cls=android.widget.TextView t='20' desc=''
13:02:14.889	I	YA11Y	node d=17 vid=ru.yandex.yandexmaps:id/text_maneuverballoon_metrics cls=android.widget.TextView t='м' desc=''
13:02:14.891	I	YA11Y	node d=17 vid=ru.yandex.yandexmaps:id/text_speed_value cls=android.widget.TextView t='0' desc=''
13:02:14.893	I	YA11Y	node d=17 vid=ru.yandex.yandexmaps:id/text_speedlimit cls=android.widget.TextView t='20' desc=''
13:02:14.895	I	YA11Y	node d=10 vid=ru.yandex.yandexmaps:id/top_notification_title cls=android.widget.TextView t='Можно повысить точность геолокации' desc=''
13:02:14.897	I	YA11Y	pkg=ru.yandex.yandexmaps m=NONE d=20m road='' eta=60s balloon=true
13:02:17.073	I	YA11Y	pkg=ru.yandex.yandexmaps m=NONE d=20m road='' eta=60s balloon=true
13:02:19.079	I	YA11Y	pkg=ru.yandex.yandexmaps m=NONE d=20m road='' eta=60s balloon=true
13:02:19.486	I	LOOP	tick #580 rc=0 m=2(GAODE) tag=f28 pk d=20
13:02:21.075	I	YA11Y	node d=18 vid=ru.yandex.yandexmaps:id/statusPanel cls=android.widget.TextView t='просп. Героев Сталинграда' desc=''
13:02:21.077	I	YA11Y	node d=21 vid=ru.yandex.yandexmaps:id/textview_eta_distance cls=android.widget.TextView t='30 м' desc=''
13:02:21.079	I	YA11Y	node d=21 vid=ru.yandex.yandexmaps:id/textview_eta_arrival cls=android.widget.TextView t='13:02' desc=''
13:02:21.081	I	YA11Y	node d=21 vid=ru.yandex.yandexmaps:id/textview_eta_time cls=android.widget.TextView t='1 мин' desc=''
13:02:21.085	I	YA11Y	node d=17 vid=ru.yandex.yandexmaps:id/text_maneuverballoon_distance cls=android.widget.TextView t='20' desc=''
13:02:21.088	I	YA11Y	node d=17 vid=ru.yandex.yandexmaps:id/text_maneuverballoon_metrics cls=android.widget.TextView t='м' desc=''
13:02:21.090	I	YA11Y	node d=17 vid=ru.yandex.yandexmaps:id/text_speed_value cls=android.widget.TextView t='0' desc=''
13:02:21.091	I	YA11Y	node d=17 vid=ru.yandex.yandexmaps:id/text_speedlimit cls=android.widget.TextView t='20' desc=''
13:02:21.094	I	YA11Y	node d=10 vid=ru.yandex.yandexmaps:id/top_notification_title cls=android.widget.TextView t='Можно повысить точность геолокации' desc=''
13:02:21.096	I	YA11Y	pkg=ru.yandex.yandexmaps m=NONE d=20m road='' eta=60s balloon=true
13:02:23.082	I	YA11Y	pkg=ru.yandex.yandexmaps m=NONE d=20m road='' eta=60s balloon=true
13:02:26.639	I	YandexNotif	posted icon=notifications_app_logo m=0(NONE) d=10m road='До конца маршрута' eta=0s maps=true
13:02:27.402	I	YandexNotif	removed — debounce 3000ms
13:02:29.702	I	LOOP	tick #590 rc=0 m=2(GAODE) tag=f28 pk d=10
13:02:30.403	I	YandexNotif	removed after debounce — deactivating HUD
13:02:41.054	I	YA11Y	nodes=25 first 10:
13:02:41.097	I	YA11Y	node d=10 vid=ru.yandex.yandexmaps:id/top_notification_title cls=android.widget.TextView t='Можно повысить точность геолокации' desc=''
13:02:41.164	I	YA11Y	node d=14 vid= cls=android.widget.Button t='' desc='Маршрут'
13:02:41.175	I	YA11Y	node d=14 vid= cls=android.widget.Button t='' desc='Построить маршрут Домой 7 мин'
13:02:41.189	I	YA11Y	node d=16 vid=ru.yandex.yandexmaps:id/suggest_secondary_text cls=android.widget.TextView t='7 мин' desc=''
13:02:41.192	I	YA11Y	node d=14 vid= cls=android.widget.Button t='' desc='Построить маршрут до ул. Адмирала Юмашева 8 мин'
13:02:41.199	I	YA11Y	node d=16 vid=ru.yandex.yandexmaps:id/suggest_primary_text cls=android.widget.TextView t='ул. Адмирала Юмашева' desc=''
13:02:41.220	I	YA11Y	node d=16 vid=ru.yandex.yandexmaps:id/suggest_secondary_text cls=android.widget.TextView t='8 мин' desc=''
13:02:41.224	I	YA11Y	node d=14 vid= cls=android.widget.Button t='' desc='Построить маршрут до микрорайон Лётчики 7 мин'
13:02:41.250	I	YA11Y	node d=16 vid=ru.yandex.yandexmaps:id/suggest_primary_text cls=android.widget.TextView t='микрорайон Лётчики' desc=''
13:02:41.254	I	YA11Y	node d=16 vid=ru.yandex.yandexmaps:id/suggest_secondary_text cls=android.widget.TextView t='7 мин' desc=''
13:02:46.669	I	YA11Y	nodes=25 first 10:
13:02:46.672	I	YA11Y	node d=10 vid=ru.yandex.yandexmaps:id/top_notification_title cls=android.widget.TextView t='Можно повысить точность геолокации' desc=''
13:02:46.673	I	YA11Y	node d=14 vid= cls=android.widget.Button t='' desc='Маршрут'
13:02:46.676	I	YA11Y	node d=14 vid= cls=android.widget.Button t='' desc='Построить маршрут Домой 7 мин'
13:02:46.686	I	YA11Y	node d=16 vid=ru.yandex.yandexmaps:id/suggest_secondary_text cls=android.widget.TextView t='7 мин' desc=''
13:02:46.689	I	YA11Y	node d=14 vid= cls=android.widget.Button t='' desc='Построить маршрут до ул. Адмирала Юмашева 8 мин'
13:02:46.693	I	YA11Y	node d=16 vid=ru.yandex.yandexmaps:id/suggest_primary_text cls=android.widget.TextView t='ул. Адмирала Юмашева' desc=''
13:02:46.695	I	YA11Y	node d=16 vid=ru.yandex.yandexmaps:id/suggest_secondary_text cls=android.widget.TextView t='8 мин' desc=''
13:02:46.698	I	YA11Y	node d=14 vid= cls=android.widget.Button t='' desc='Построить маршрут до микрорайон Лётчики 7 мин'
13:02:46.702	I	YA11Y	node d=16 vid=ru.yandex.yandexmaps:id/suggest_primary_text cls=android.widget.TextView t='микрорайон Лётчики' desc=''
13:02:46.705	I	YA11Y	node d=16 vid=ru.yandex.yandexmaps:id/suggest_secondary_text cls=android.widget.TextView t='7 мин' desc=''
13:02:55.754	I	YA11Y	nodes=25 first 10:
13:02:55.756	I	YA11Y	node d=10 vid=ru.yandex.yandexmaps:id/top_notification_title cls=android.widget.TextView t='Можно повысить точность геолокации' desc=''
13:02:55.758	I	YA11Y	node d=14 vid= cls=android.widget.Button t='' desc='Маршрут'
13:02:55.759	I	YA11Y	node d=14 vid= cls=android.widget.Button t='' desc='Построить маршрут Домой 7 мин'
13:02:55.762	I	YA11Y	node d=16 vid=ru.yandex.yandexmaps:id/suggest_secondary_text cls=android.widget.TextView t='7 мин' desc=''
13:02:55.764	I	YA11Y	node d=14 vid= cls=android.widget.Button t='' desc='Построить маршрут до ул. Адмирала Юмашева 8 мин'
13:02:55.767	I	YA11Y	node d=16 vid=ru.yandex.yandexmaps:id/suggest_primary_text cls=android.widget.TextView t='ул. Адмирала Юмашева' desc=''
13:02:55.769	I	YA11Y	node d=16 vid=ru.yandex.yandexmaps:id/suggest_secondary_text cls=android.widget.TextView t='8 мин' desc=''
13:02:55.771	I	YA11Y	node d=14 vid= cls=android.widget.Button t='' desc='Построить маршрут до микрорайон Лётчики 7 мин'
13:02:55.773	I	YA11Y	node d=16 vid=ru.yandex.yandexmaps:id/suggest_primary_text cls=android.widget.TextView t='микрорайон Лётчики' desc=''
13:02:55.777	I	YA11Y	node d=16 vid=ru.yandex.yandexmaps:id/suggest_secondary_text cls=android.widget.TextView t='7 мин' desc=''
13:04:04.412	I	YA11Y	nodes=25 first 10:
13:04:04.416	I	YA11Y	node d=10 vid=ru.yandex.yandexmaps:id/top_notification_title cls=android.widget.TextView t='Можно повысить точность геолокации' desc=''
13:04:04.424	I	YA11Y	node d=14 vid= cls=android.widget.Button t='' desc='Маршрут'
13:04:04.428	I	YA11Y	node d=14 vid= cls=android.widget.Button t='' desc='Построить маршрут Домой 7 мин'
13:04:04.437	I	YA11Y	node d=16 vid=ru.yandex.yandexmaps:id/suggest_secondary_text cls=android.widget.TextView t='7 мин' desc=''
13:04:04.439	I	YA11Y	node d=14 vid= cls=android.widget.Button t='' desc='Построить маршрут до ул. Адмирала Юмашева 8 мин'
13:04:04.441	I	YA11Y	node d=16 vid=ru.yandex.yandexmaps:id/suggest_primary_text cls=android.widget.TextView t='ул. Адмирала Юмашева' desc=''
13:04:04.444	I	YA11Y	node d=16 vid=ru.yandex.yandexmaps:id/suggest_secondary_text cls=android.widget.TextView t='8 мин' desc=''
13:04:04.446	I	YA11Y	node d=14 vid= cls=android.widget.Button t='' desc='Построить маршрут до микрорайон Лётчики 7 мин'
13:04:04.449	I	YA11Y	node d=16 vid=ru.yandex.yandexmaps:id/suggest_primary_text cls=android.widget.TextView t='микрорайон Лётчики' desc=''
13:04:04.452	I	YA11Y	node d=16 vid=ru.yandex.yandexmaps:id/suggest_secondary_text cls=android.widget.TextView t='7 мин' desc=''
13:04:17.353	I	YA11Y	nodes=25 first 10:
13:04:17.358	I	YA11Y	node d=10 vid=ru.yandex.yandexmaps:id/top_notification_title cls=android.widget.TextView t='Можно повысить точность геолокации' desc=''
13:04:17.370	I	YA11Y	node d=14 vid= cls=android.widget.Button t='' desc='Маршрут'
13:04:17.385	I	YA11Y	node d=14 vid= cls=android.widget.Button t='' desc='Построить маршрут Домой 7 мин'
13:04:17.387	I	YA11Y	node d=16 vid=ru.yandex.yandexmaps:id/suggest_secondary_text cls=android.widget.TextView t='7 мин' desc=''
13:04:17.391	I	YA11Y	node d=14 vid= cls=android.widget.Button t='' desc='Построить маршрут до ул. Адмирала Юмашева 8 мин'
13:04:17.420	I	YA11Y	node d=16 vid=ru.yandex.yandexmaps:id/suggest_primary_text cls=android.widget.TextView t='ул. Адмирала Юмашева' desc=''
13:04:17.422	I	YA11Y	node d=16 vid=ru.yandex.yandexmaps:id/suggest_secondary_text cls=android.widget.TextView t='8 мин' desc=''
13:04:17.424	I	YA11Y	node d=14 vid= cls=android.widget.Button t='' desc='Построить маршрут до микрорайон Лётчики 7 мин'
13:04:17.429	I	YA11Y	node d=16 vid=ru.yandex.yandexmaps:id/suggest_primary_text cls=android.widget.TextView t='микрорайон Лётчики' desc=''
13:04:17.438	I	YA11Y	node d=16 vid=ru.yandex.yandexmaps:id/suggest_secondary_text cls=android.widget.TextView t='7 мин' desc=''
13:04:23.096	I	YA11Y	nodes=21 first 10:
13:04:23.100	I	YA11Y	node d=7 vid= cls=android.widget.Button t='' desc='Моё местоположение на карте'
13:04:23.113	I	YA11Y	node d=17 vid=ru.yandex.yandexmaps:id/button_back cls=android.widget.ImageView t='' desc='Назад'
13:04:23.116	I	YA11Y	node d=19 vid= cls=android.widget.TextView t='Откуда:' desc=''
13:04:23.129	I	YA11Y	node d=19 vid=ru.yandex.yandexmaps:id/from_waypoint cls=android.widget.TextView t='Моё местоположение' desc=''
13:04:23.164	I	YA11Y	node d=19 vid= cls=android.widget.TextView t='Куда:' desc=''
13:04:23.169	I	YA11Y	node d=19 vid=ru.yandex.yandexmaps:id/to_waypoint cls=android.widget.TextView t='Домой' desc=''
13:04:23.172	I	YA11Y	node d=17 vid=ru.yandex.yandexmaps:id/button_menu cls=android.widget.ImageView t='' desc='Меню настройки маршрута'
13:04:23.177	I	YA11Y	node d=18 vid=ru.yandex.yandexmaps:id/snippet_title cls=android.widget.TextView t='7 мин' desc=''
13:04:23.185	I	YA11Y	node d=18 vid= cls=android.widget.TextView t='2.8 км' desc=''
13:04:23.190	I	YA11Y	node d=18 vid=ru.yandex.yandexmaps:id/snippet_title cls=android.widget.TextView t='10 мин' desc=''
13:04:23.503	I	YA11Y	pkg=ru.yandex.yandexmaps m=NONE d=10m road='' eta=420s balloon=true
13:04:23.532	I	YandexNotif	posted icon=notifications_app_logo m=0(NONE) d=0m road='Навигатор запущен' eta=0s maps=true
13:04:23.812	I	YA11Y	pkg=ru.yandex.yandexmaps m=NONE d=10m road='' eta=420s balloon=true
13:04:24.345	I	YA11Y	pkg=ru.yandex.yandexmaps m=NONE d=10m road='' eta=420s balloon=true
13:04:26.253	I	YA11Y	pkg=ru.yandex.yandexmaps m=NONE d=10m road='' eta=420s balloon=true
13:04:26.969	I	YA11Y	pkg=ru.yandex.yandexmaps m=NONE d=150m road='ул. Павла Корчагина' eta=420s balloon=true
13:04:28.261	I	YA11Y	node d=18 vid=ru.yandex.yandexmaps:id/statusPanel cls=android.widget.TextView t='просп. Героев Сталинграда' desc=''
13:04:28.266	I	YA11Y	node d=21 vid=ru.yandex.yandexmaps:id/textview_eta_distance cls=android.widget.TextView t='2,7 км' desc=''
13:04:28.269	I	YA11Y	node d=21 vid=ru.yandex.yandexmaps:id/textview_eta_arrival cls=android.widget.TextView t='13:11' desc=''
13:04:28.273	I	YA11Y	node d=21 vid=ru.yandex.yandexmaps:id/textview_eta_time cls=android.widget.TextView t='7 мин' desc=''
13:04:28.274	I	YA11Y	node d=17 vid=ru.yandex.yandexmaps:id/text_maneuverballoon_distance cls=android.widget.TextView t='150' desc=''
13:04:28.276	I	YA11Y	node d=17 vid=ru.yandex.yandexmaps:id/text_maneuverballoon_metrics cls=android.widget.TextView t='м' desc=''
13:04:28.278	I	YA11Y	node d=17 vid=ru.yandex.yandexmaps:id/text_nextstreet cls=android.widget.TextView t='ул. Павла Корчагина' desc=''
13:04:28.279	I	YA11Y	node d=17 vid=ru.yandex.yandexmaps:id/text_speed_value cls=android.widget.TextView t='0' desc=''
13:04:28.281	I	YA11Y	node d=17 vid=ru.yandex.yandexmaps:id/text_speedlimit cls=android.widget.TextView t='20' desc=''
13:04:28.283	I	YA11Y	node d=10 vid=ru.yandex.yandexmaps:id/top_notification_title cls=android.widget.TextView t='Можно повысить точность геолокации' desc=''
13:04:28.285	I	YA11Y	pkg=ru.yandex.yandexmaps m=NONE d=150m road='ул. Павла Корчагина' eta=420s balloon=true
13:04:28.941	I	YA11Y	pkg=ru.yandex.yandexmaps m=NONE d=150m road='ул. Павла Корчагина' eta=420s balloon=true
13:04:30.258	I	YA11Y	pkg=ru.yandex.yandexmaps m=NONE d=150m road='ул. Павла Корчагина' eta=420s balloon=true
13:04:32.264	I	YA11Y	pkg=ru.yandex.yandexmaps m=NONE d=150m road='ул. Павла Корчагина' eta=420s balloon=true
13:04:32.910	I	LOOP	tick #600 rc=0 m=2(GAODE) tag=f28 pk d=150
13:04:33.821	I	YA11Y	node d=18 vid=ru.yandex.yandexmaps:id/statusPanel cls=android.widget.TextView t='просп. Героев Сталинграда' desc=''
13:04:33.826	I	YA11Y	node d=21 vid=ru.yandex.yandexmaps:id/textview_eta_distance cls=android.widget.TextView t='2,7 км' desc=''
13:04:33.830	I	YA11Y	node d=21 vid=ru.yandex.yandexmaps:id/textview_eta_arrival cls=android.widget.TextView t='13:11' desc=''
13:04:33.839	I	YA11Y	node d=21 vid=ru.yandex.yandexmaps:id/textview_eta_time cls=android.widget.TextView t='7 мин' desc=''
13:04:33.841	I	YA11Y	node d=17 vid=ru.yandex.yandexmaps:id/text_maneuverballoon_distance cls=android.widget.TextView t='150' desc=''
13:04:33.843	I	YA11Y	node d=17 vid=ru.yandex.yandexmaps:id/text_maneuverballoon_metrics cls=android.widget.TextView t='м' desc=''
13:04:33.845	I	YA11Y	node d=17 vid=ru.yandex.yandexmaps:id/text_nextstreet cls=android.widget.TextView t='ул. Павла Корчагина' desc=''
13:04:33.846	I	YA11Y	node d=17 vid=ru.yandex.yandexmaps:id/text_speed_value cls=android.widget.TextView t='0' desc=''
13:04:33.848	I	YA11Y	node d=17 vid=ru.yandex.yandexmaps:id/text_speedlimit cls=android.widget.TextView t='20' desc=''
13:04:33.850	I	YA11Y	node d=10 vid=ru.yandex.yandexmaps:id/top_notification_title cls=android.widget.TextView t='Можно повысить точность геолокации' desc=''
13:04:33.851	I	YA11Y	pkg=ru.yandex.yandexmaps m=NONE d=150m road='ул. Павла Корчагина' eta=420s balloon=true
13:04:34.351	I	YA11Y	pkg=ru.yandex.yandexmaps m=NONE d=150m road='ул. Павла Корчагина' eta=420s balloon=true
13:04:36.271	I	YA11Y	pkg=ru.yandex.yandexmaps m=NONE d=150m road='ул. Павла Корчагина' eta=420s balloon=true
13:04:38.252	I	YA11Y	pkg=ru.yandex.yandexmaps m=NONE d=150m road='ул. Павла Корчагина' eta=420s balloon=true
13:04:40.251	I	YA11Y	node d=18 vid=ru.yandex.yandexmaps:id/statusPanel cls=android.widget.TextView t='просп. Героев Сталинграда' desc=''
13:04:40.257	I	YA11Y	node d=21 vid=ru.yandex.yandexmaps:id/textview_eta_distance cls=android.widget.TextView t='2,7 км' desc=''
13:04:40.259	I	YA11Y	node d=21 vid=ru.yandex.yandexmaps:id/textview_eta_arrival cls=android.widget.TextView t='13:11' desc=''
13:04:40.260	I	YA11Y	node d=21 vid=ru.yandex.yandexmaps:id/textview_eta_time cls=android.widget.TextView t='7 мин' desc=''
13:04:40.263	I	YA11Y	node d=17 vid=ru.yandex.yandexmaps:id/text_maneuverballoon_distance cls=android.widget.TextView t='150' desc=''
13:04:40.266	I	YA11Y	node d=17 vid=ru.yandex.yandexmaps:id/text_maneuverballoon_metrics cls=android.widget.TextView t='м' desc=''
13:04:40.269	I	YA11Y	node d=17 vid=ru.yandex.yandexmaps:id/text_nextstreet cls=android.widget.TextView t='ул. Павла Корчагина' desc=''
13:04:40.271	I	YA11Y	node d=17 vid=ru.yandex.yandexmaps:id/text_speed_value cls=android.widget.TextView t='0' desc=''
13:04:40.274	I	YA11Y	node d=17 vid=ru.yandex.yandexmaps:id/text_speedlimit cls=android.widget.TextView t='20' desc=''
13:04:40.277	I	YA11Y	node d=10 vid=ru.yandex.yandexmaps:id/top_notification_title cls=android.widget.TextView t='Можно повысить точность геолокации' desc=''
13:04:40.280	I	YA11Y	pkg=ru.yandex.yandexmaps m=NONE d=150m road='ул. Павла Корчагина' eta=420s balloon=true
13:04:42.258	I	YA11Y	pkg=ru.yandex.yandexmaps m=NONE d=150m road='ул. Павла Корчагина' eta=420s balloon=true
13:04:43.027	I	LOOP	tick #610 rc=0 m=2(GAODE) tag=f28 pk d=150
13:04:44.253	I	YA11Y	pkg=ru.yandex.yandexmaps m=NONE d=150m road='ул. Павла Корчагина' eta=420s balloon=true
13:04:46.260	I	YA11Y	node d=18 vid=ru.yandex.yandexmaps:id/statusPanel cls=android.widget.TextView t='просп. Героев Сталинграда' desc=''
13:04:46.264	I	YA11Y	node d=21 vid=ru.yandex.yandexmaps:id/textview_eta_distance cls=android.widget.TextView t='2,7 км' desc=''
13:04:46.266	I	YA11Y	node d=21 vid=ru.yandex.yandexmaps:id/textview_eta_arrival cls=android.widget.TextView t='13:11' desc=''
13:04:46.267	I	YA11Y	node d=21 vid=ru.yandex.yandexmaps:id/textview_eta_time cls=android.widget.TextView t='7 мин' desc=''
13:04:46.269	I	YA11Y	node d=17 vid=ru.yandex.yandexmaps:id/text_maneuverballoon_distance cls=android.widget.TextView t='150' desc=''
13:04:46.270	I	YA11Y	node d=17 vid=ru.yandex.yandexmaps:id/text_maneuverballoon_metrics cls=android.widget.TextView t='м' desc=''
13:04:46.272	I	YA11Y	node d=17 vid=ru.yandex.yandexmaps:id/text_nextstreet cls=android.widget.TextView t='ул. Павла Корчагина' desc=''
13:04:46.274	I	YA11Y	node d=17 vid=ru.yandex.yandexmaps:id/text_speed_value cls=android.widget.TextView t='0' desc=''
13:04:46.276	I	YA11Y	node d=17 vid=ru.yandex.yandexmaps:id/text_speedlimit cls=android.widget.TextView t='20' desc=''
13:04:46.279	I	YA11Y	node d=10 vid=ru.yandex.yandexmaps:id/top_notification_title cls=android.widget.TextView t='Можно повысить точность геолокации' desc=''
13:04:46.282	I	YA11Y	pkg=ru.yandex.yandexmaps m=NONE d=150m road='ул. Павла Корчагина' eta=420s balloon=true
13:04:48.263	I	YA11Y	pkg=ru.yandex.yandexmaps m=NONE d=150m road='ул. Павла Корчагина' eta=420s balloon=true
13:04:50.254	I	YA11Y	pkg=ru.yandex.yandexmaps m=NONE d=150m road='ул. Павла Корчагина' eta=420s balloon=true
13:04:52.256	I	YA11Y	node d=18 vid=ru.yandex.yandexmaps:id/statusPanel cls=android.widget.TextView t='просп. Героев Сталинграда' desc=''
13:04:52.259	I	YA11Y	node d=21 vid=ru.yandex.yandexmaps:id/textview_eta_distance cls=android.widget.TextView t='2,7 км' desc=''
13:04:52.263	I	YA11Y	node d=21 vid=ru.yandex.yandexmaps:id/textview_eta_arrival cls=android.widget.TextView t='13:11' desc=''
13:04:52.264	I	YA11Y	node d=21 vid=ru.yandex.yandexmaps:id/textview_eta_time cls=android.widget.TextView t='7 мин' desc=''
13:04:52.267	I	YA11Y	node d=17 vid=ru.yandex.yandexmaps:id/text_maneuverballoon_distance cls=android.widget.TextView t='150' desc=''
13:04:52.269	I	YA11Y	node d=17 vid=ru.yandex.yandexmaps:id/text_maneuverballoon_metrics cls=android.widget.TextView t='м' desc=''
13:04:52.270	I	YA11Y	node d=17 vid=ru.yandex.yandexmaps:id/text_nextstreet cls=android.widget.TextView t='ул. Павла Корчагина' desc=''
13:04:52.272	I	YA11Y	node d=17 vid=ru.yandex.yandexmaps:id/text_speed_value cls=android.widget.TextView t='0' desc=''
13:04:52.273	I	YA11Y	node d=17 vid=ru.yandex.yandexmaps:id/text_speedlimit cls=android.widget.TextView t='20' desc=''
13:04:52.275	I	YA11Y	node d=10 vid=ru.yandex.yandexmaps:id/top_notification_title cls=android.widget.TextView t='Можно повысить точность геолокации' desc=''
13:04:52.277	I	YA11Y	pkg=ru.yandex.yandexmaps m=NONE d=150m road='ул. Павла Корчагина' eta=420s balloon=true
13:04:53.129	I	LOOP	tick #620 rc=0 m=2(GAODE) tag=f28 pk d=150
13:04:54.276	I	YA11Y	pkg=ru.yandex.yandexmaps m=NONE d=150m road='ул. Павла Корчагина' eta=420s balloon=true
13:04:56.279	I	YA11Y	pkg=ru.yandex.yandexmaps m=NONE d=150m road='ул. Павла Корчагина' eta=420s balloon=true
13:04:58.256	I	YA11Y	node d=18 vid=ru.yandex.yandexmaps:id/statusPanel cls=android.widget.TextView t='просп. Героев Сталинграда' desc=''
13:04:58.260	I	YA11Y	node d=21 vid=ru.yandex.yandexmaps:id/textview_eta_distance cls=android.widget.TextView t='2,7 км' desc=''
13:04:58.262	I	YA11Y	node d=21 vid=ru.yandex.yandexmaps:id/textview_eta_arrival cls=android.widget.TextView t='13:11' desc=''
13:04:58.264	I	YA11Y	node d=21 vid=ru.yandex.yandexmaps:id/textview_eta_time cls=android.widget.TextView t='7 мин' desc=''
13:04:58.265	I	YA11Y	node d=17 vid=ru.yandex.yandexmaps:id/text_maneuverballoon_distance cls=android.widget.TextView t='150' desc=''
13:04:58.267	I	YA11Y	node d=17 vid=ru.yandex.yandexmaps:id/text_maneuverballoon_metrics cls=android.widget.TextView t='м' desc=''
13:04:58.269	I	YA11Y	node d=17 vid=ru.yandex.yandexmaps:id/text_nextstreet cls=android.widget.TextView t='ул. Павла Корчагина' desc=''
13:04:58.270	I	YA11Y	node d=17 vid=ru.yandex.yandexmaps:id/text_speed_value cls=android.widget.TextView t='0' desc=''
13:04:58.272	I	YA11Y	node d=17 vid=ru.yandex.yandexmaps:id/text_speedlimit cls=android.widget.TextView t='20' desc=''
13:04:58.274	I	YA11Y	node d=10 vid=ru.yandex.yandexmaps:id/top_notification_title cls=android.widget.TextView t='Можно повысить точность геолокации' desc=''
13:04:58.278	I	YA11Y	pkg=ru.yandex.yandexmaps m=NONE d=150m road='ул. Павла Корчагина' eta=420s balloon=true
13:05:00.533	I	YA11Y	pkg=ru.yandex.yandexmaps m=NONE d=150m road='ул. Павла Корчагина' eta=420s balloon=true
13:05:01.224	I	YandexNotif	posted icon=notifications_app_logo m=0(NONE) d=140m road='улица Павла Корчагина' eta=0s maps=true
13:05:03.254	I	LOOP	tick #630 rc=0 m=2(GAODE) tag=f28 pk d=140
13:05:13.338	I	LOOP	tick #640 rc=0 m=2(GAODE) tag=f28 pk d=140
13:05:23.445	I	LOOP	tick #650 rc=0 m=2(GAODE) tag=f28 pk d=140
13:06:31.329	I	YandexNotif	posted icon=notifications_app_logo m=0(NONE) d=150m road='улица Павла Корчагина' eta=0s maps=true
13:06:33.603	I	LOOP	tick #660 rc=0 m=2(GAODE) tag=f28 pk d=150
13:06:36.249	I	YandexNotif	posted icon=notifications_app_logo m=3(RIGHT) d=10m road='направо' eta=0s maps=true
13:06:43.688	I	LOOP	tick #670 rc=0 m=2(GAODE) tag=f28 pk d=10
13:06:52.513	I	YandexNotif	posted icon=notifications_app_logo m=0(NONE) d=150m road='улица Павла Корчагина' eta=0s maps=true
13:06:53.789	I	LOOP	tick #680 rc=0 m=2(GAODE) tag=f28 pk d=150
13:07:03.886	I	LOOP	tick #690 rc=0 m=2(GAODE) tag=f28 pk d=150
13:07:08.998	I	SIPBR	sniffer stopped
13:07:13.970	I	LOOP	tick #700 rc=0 m=2(GAODE) tag=f28 pk d=150
13:07:15.511	I	!YNDX	=== YANDEX NAVI OFF ===
13:07:15.549	I	SIPBR	stopService(0x4010a00018001) rc=1
13:07:15.553	I	SIPBR	unbound
13:07:15.556	I	FGS	destroyed
13:07:15.976	I	LOOP	stopped
13:07:27.037	I	YandexNotif	posted icon=notifications_app_logo m=0(NONE) d=130m road='улица Павла Корчагина' eta=0s maps=true
13:07:30.983	I	YandexNotif	posted icon=notifications_app_logo m=0(NONE) d=150m road='улица Павла Корчагина' eta=0s maps=true
13:07:59.803	I	YandexNotif	posted icon=notifications_app_logo m=0(NONE) d=140m road='улица Павла Корчагина' eta=0s maps=true
13:08:01.367	I	YandexNotif	posted icon=notifications_app_logo m=0(NONE) d=130m road='улица Павла Корчагина' eta=0s maps=true
13:08:02.924	I	YandexNotif	posted icon=notifications_app_logo m=0(NONE) d=140m road='улица Павла Корчагина' eta=0s maps=true
13:08:31.853	I	YandexNotif	posted icon=notifications_app_logo m=0(NONE) d=130m road='улица Павла Корчагина' eta=0s maps=true
13:08:35.074	I	YandexNotif	posted icon=notifications_app_logo m=0(NONE) d=150m road='улица Павла Корчагина' eta=0s maps=true
13:08:43.008	I	YandexNotif	posted icon=notifications_app_logo m=0(NONE) d=150m road='улица Павла Корчагина' eta=0s maps=true
